id,name,type,path
1,PropertyType,Alias,Typealiases.html#/s:10RealmSwift12PropertyTypea
2,NotificationToken,Alias,Typealiases.html#/s:10RealmSwift17NotificationTokena
3,Object,Alias,Typealiases.html#/s:10RealmSwift6Objecta
4,EmbeddedObject,Alias,Typealiases.html#/s:10RealmSwift14EmbeddedObjecta
5,GeoPoint,Alias,Typealiases.html#/s:10RealmSwift8GeoPointa
6,GeoBox,Alias,Typealiases.html#/s:10RealmSwift6GeoBoxa
7,GeoPolygon,Alias,Typealiases.html#/s:10RealmSwift10GeoPolygona
8,Distance,Alias,Typealiases.html#/s:10RealmSwift8Distancea
9,GeoCircle,Alias,Typealiases.html#/s:10RealmSwift9GeoCirclea
10,PropertyKey,Alias,Typealiases.html#/s:10RealmSwift11PropertyKeya
11,MigrationBlock,Alias,Typealiases.html#/s:10RealmSwift14MigrationBlocka
12,MigrationObject,Alias,Typealiases.html#/s:10RealmSwift15MigrationObjecta
13,MigrationObjectEnumerateBlock,Alias,Typealiases.html#/s:10RealmSwift29MigrationObjectEnumerateBlocka
14,Migration,Alias,Typealiases.html#/s:10RealmSwift9Migrationa
15,AsyncTransactionId,Alias,Typealiases.html#/s:10RealmSwift18AsyncTransactionIda
16,NotificationBlock,Alias,Typealiases.html#/s:10RealmSwift17NotificationBlocka
17,Logger,Alias,Typealiases.html#/s:10RealmSwift6Loggera
18,isInvalidated,Property,Structs/ThreadSafeReference.html#/s:10RealmSwift19ThreadSafeReferenceV13isInvalidatedSbvp
19,init(to:),Method,Structs/ThreadSafeReference.html#/s:10RealmSwift19ThreadSafeReferenceV2toACyxGx_tcfc
20,subscript(dynamicMember:),Method,Structs/ObservedRealmObject/Wrapper.html#/s:10RealmSwift08ObservedA6ObjectV7WrapperV13dynamicMember0B2UI7BindingVyqd__Gs24ReferenceWritableKeyPathCyxqd__G_tcluip
21,subscript(dynamicMember:),Method,Structs/ObservedRealmObject/Wrapper.html#/s:10RealmSwift08ObservedA6ObjectV7WrapperV13dynamicMember0B2UI7BindingVyqd__Gs24ReferenceWritableKeyPathCyxqd__G_tcSQRd__luip
22,subscript(dynamicMember:),Method,Structs/ObservedRealmObject/Wrapper.html#/s:10RealmSwift08ObservedA6ObjectV7WrapperV13dynamicMember0B2UI7BindingVyqd__Gs24ReferenceWritableKeyPathCyxqd__G_tcSo22RLMSwiftCollectionBaseCRbd__AA14ThreadConfinedRd__luip
23,Wrapper,Struct,Structs/ObservedRealmObject/Wrapper.html
24,init(wrappedValue:),Method,Structs/ObservedRealmObject.html#/s:10RealmSwift08ObservedA6ObjectV12wrappedValueACyxGx_tcSo13RLMObjectBaseCRbzs12IdentifiableRzrlufc
25,init(wrappedValue:),Method,Structs/ObservedRealmObject.html#/s:10RealmSwift08ObservedA6ObjectV12wrappedValueACyAA4ListCyqd__GAGSQAAyHCg2_GAG_tcAGRszAA0a10CollectionF0Rd__lufc
26,init(wrappedValue:),Method,Structs/ObservedRealmObject.html#/s:10RealmSwift08ObservedA6ObjectV12wrappedValueACyxGx_tcAA20ProjectionObservableRzrlufc
27,Element,Alias,Structs/ObservedSectionedResults.html#/s:10RealmSwift15BoundCollectionP7ElementQa
28,filter,Property,Structs/ObservedSectionedResults.html#/s:10RealmSwift24ObservedSectionedResultsV6filterSo11NSPredicateCSgvp
29,where,Property,Structs/ObservedSectionedResults.html#/s:10RealmSwift24ObservedSectionedResultsV5whereAA5QueryVySbGAFyq_GcSgvp
30,where,Property,Structs/ObservedSectionedResults.html#/where
31,remove(atOffsets:section:),Method,Structs/ObservedSectionedResults.html#/s:10RealmSwift24ObservedSectionedResultsV6remove9atOffsets7sectiony10Foundation8IndexSetV_AA0E7SectionVyxq_GtSo13RLMObjectBaseCRb_AA14ThreadConfinedR_rlF
32,init(_:sectionKeyPath:sortDescriptors:filter:keyPaths:configuration:),Method,Structs/ObservedSectionedResults.html#/s:10RealmSwift24ObservedSectionedResultsV_14sectionKeyPath15sortDescriptors6filter8keyPaths13configurationACyxq_Gq_m_s0gH0Cyq_xGSayAA14SortDescriptorVGSo11NSPredicateCSgSaySSGSgAA0A0V13ConfigurationVSgtcAA10ProjectionCyqd__GRb_So13RLMObjectBaseCRbd__AA0A15CollectionValueRd__AA14ThreadConfinedRd__lufc
33,init(_:sectionBlock:sortDescriptors:filter:keyPaths:configuration:),Method,Structs/ObservedSectionedResults.html#/s:10RealmSwift24ObservedSectionedResultsV_12sectionBlock15sortDescriptors6filter8keyPaths13configurationACyxq_Gq_m_xq_cSayAA14SortDescriptorVGSo11NSPredicateCSgSaySSGSgAA0A0V13ConfigurationVSgtcAA10ProjectionCyqd__GRb_So13RLMObjectBaseCRbd__AA0A15CollectionValueRd__AA14ThreadConfinedRd__lufc
34,init(_:sectionKeyPath:sortDescriptors:filter:keyPaths:configuration:),Method,Structs/ObservedSectionedResults.html#/s:10RealmSwift24ObservedSectionedResultsV_14sectionKeyPath15sortDescriptors6filter8keyPaths13configurationACyxq_Gq_m_s0gH0Cyq_xGSayAA14SortDescriptorVGSo11NSPredicateCSgSaySSGSgAA0A0V13ConfigurationVSgtcSo0aB6ObjectCRb_rlufc
35,init(_:sectionBlock:sortDescriptors:filter:keyPaths:configuration:),Method,Structs/ObservedSectionedResults.html#/s:10RealmSwift24ObservedSectionedResultsV_12sectionBlock15sortDescriptors6filter8keyPaths13configurationACyxq_Gq_m_xq_cSayAA14SortDescriptorVGSo11NSPredicateCSgSaySSGSgAA0A0V13ConfigurationVSgtcSo0aB6ObjectCRb_rlufc
36,init(_:sectionBlock:sortDescriptors:where:keyPaths:configuration:),Method,Structs/ObservedSectionedResults.html#/s:10RealmSwift24ObservedSectionedResultsV_12sectionBlock15sortDescriptors5where8keyPaths13configurationACyxq_Gq_m_xq_cSayAA14SortDescriptorVGAA5QueryVySbGANyq_GcSgSaySSGSgAA0A0V13ConfigurationVSgtcSo0aB6ObjectCRb_rlufc
37,init(_:sectionKeyPath:sortDescriptors:where:keyPaths:configuration:),Method,Structs/ObservedSectionedResults.html#/s:10RealmSwift24ObservedSectionedResultsV_14sectionKeyPath15sortDescriptors5where8keyPaths13configurationACyxq_Gq_m_s0gH0Cyq_xGSayAA14SortDescriptorVGAA5QueryVySbGAQyq_GcSgSaySSGSgAA0A0V13ConfigurationVSgtcSo0aB6ObjectCRb_rlufc
38,init(_:sectionKeyPath:sortDescriptors:keyPaths:configuration:),Method,Structs/ObservedSectionedResults.html#/s:10RealmSwift24ObservedSectionedResultsV_14sectionKeyPath15sortDescriptors8keyPaths13configurationACyxq_Gq_m_s0gH0Cyq_xGSayAA14SortDescriptorVGSaySSGSgAA0A0V13ConfigurationVSgtcSo0aB6ObjectCRb_rlufc
39,init(_:sectionBlock:sortDescriptors:keyPaths:configuration:),Method,Structs/ObservedSectionedResults.html#/s:10RealmSwift24ObservedSectionedResultsV_12sectionBlock15sortDescriptors8keyPaths13configurationACyxq_Gq_m_xq_cSayAA14SortDescriptorVGSaySSGSgAA0A0V13ConfigurationVSgtcSo0aB6ObjectCRb_rlufc
40,update(),Method,Structs/ObservedSectionedResults.html#/s:7SwiftUI15DynamicPropertyP6updateyyF
41,Element,Alias,Structs/ObservedResults.html#/s:10RealmSwift15BoundCollectionP7ElementQa
42,filter,Property,Structs/ObservedResults.html#/s:10RealmSwift15ObservedResultsV6filterSo11NSPredicateCSgvp
43,where,Property,Structs/ObservedResults.html#/s:10RealmSwift15ObservedResultsV5whereAA5QueryVySbGAFyxGcSgvp
44,where,Property,Structs/ObservedResults.html#/where
45,init(_:configuration:filter:keyPaths:sortDescriptor:),Method,Structs/ObservedResults.html#/s:10RealmSwift15ObservedResultsV_13configuration6filter8keyPaths14sortDescriptorACyxGxm_AA0A0V13ConfigurationVSgSo11NSPredicateCSgSaySSGSgAA04SortJ0VSgtcAA10ProjectionCyqd__GRbzSo13RLMObjectBaseCRbd__AA0A15CollectionValueRd__AA14ThreadConfinedRd__lufc
46,init(_:configuration:filter:keyPaths:sortDescriptor:),Method,Structs/ObservedResults.html#/s:10RealmSwift15ObservedResultsV_13configuration6filter8keyPaths14sortDescriptorACyxGxm_AA0A0V13ConfigurationVSgSo11NSPredicateCSgSaySSGSgAA04SortJ0VSgtcSo0aB6ObjectCRbzrlufc
47,init(_:configuration:where:keyPaths:sortDescriptor:),Method,Structs/ObservedResults.html#/s:10RealmSwift15ObservedResultsV_13configuration5where8keyPaths14sortDescriptorACyxGxm_AA0A0V13ConfigurationVSgAA5QueryVySbGAOyxGcSgSaySSGSgAA04SortJ0VSgtcSo0aB6ObjectCRbzrlufc
48,update(),Method,Structs/ObservedResults.html#/s:7SwiftUI15DynamicPropertyP6updateyyF
49,init(wrappedValue:),Method,Structs/StateRealmObject.html#/s:10RealmSwift05StateA6ObjectV12wrappedValueACyAA4ListCyqd__GAGSQAAyHCg1_GAG_tcAGRszAA0a10CollectionF0Rd__lufc
50,init(wrappedValue:),Method,Structs/StateRealmObject.html#/s:10RealmSwift05StateA6ObjectV12wrappedValueACyAA10MutableSetCyqd__GAGSQAAyHCg1_GAG_tcAGRszAA0a10CollectionF0Rd__lufc
51,init(wrappedValue:),Method,Structs/StateRealmObject.html#/s:10RealmSwift05StateA6ObjectV12wrappedValueACyAA3MapCyqd__qd_0_GAGSQAAyHCg1_GAG_tcAGRszAA01_G3KeyRd__AA0a10CollectionF0Rd_0_r0_lufc
52,init(wrappedValue:),Method,Structs/StateRealmObject.html#/s:10RealmSwift05StateA6ObjectV12wrappedValueACyxGx_tcSo13RLMObjectBaseCRbzs12IdentifiableRzrlufc
53,init(wrappedValue:),Method,Structs/StateRealmObject.html#/s:10RealmSwift05StateA6ObjectV12wrappedValueACyxGx_tcAA20ProjectionObservableRzrlufc
54,keyPath,Property,Structs/SortDescriptor.html#/s:10RealmSwift14SortDescriptorV7keyPathSSvp
55,ascending,Property,Structs/SortDescriptor.html#/s:10RealmSwift14SortDescriptorV9ascendingSbvp
56,init(keyPath:ascending:),Method,Structs/SortDescriptor.html#/s:10RealmSwift14SortDescriptorV7keyPath9ascendingACSS_Sbtcfc
57,init(keyPath:ascending:),Method,Structs/SortDescriptor.html#/s:10RealmSwift14SortDescriptorV7keyPath9ascendingACs010PartialKeyF0CyxG_SbtcSo13RLMObjectBaseCRbzlufc
58,reversed(),Method,Structs/SortDescriptor.html#/s:10RealmSwift14SortDescriptorV8reversedACyF
59,description,Property,Structs/SortDescriptor.html#/s:10RealmSwift14SortDescriptorV11descriptionSSvp
60,==(_:_:),Method,Structs/SortDescriptor.html#/s:10RealmSwift14SortDescriptorV2eeoiySbAC_ACtFZ
61,UnicodeScalarLiteralType,Alias,Structs/SortDescriptor.html#/s:s33ExpressibleByUnicodeScalarLiteralP0cdE4TypeQa
62,ExtendedGraphemeClusterLiteralType,Alias,Structs/SortDescriptor.html#/s:s43ExpressibleByExtendedGraphemeClusterLiteralP0cdeF4TypeQa
63,init(stringLiteral:),Method,Structs/SortDescriptor.html#/s:10RealmSwift14SortDescriptorV13stringLiteralACSS_tcfc
64,next(),Method,Structs/SectionIterator.html#/s:10RealmSwift15SectionIteratorV4nextxSgyF
65,next(),Method,Structs/SectionedResultsIterator.html#/s:10RealmSwift24SectionedResultsIteratorV4nextAA0D7SectionVyxq_GSgyF
66,objectSchema,Property,Structs/Schema.html#/s:10RealmSwift6SchemaV06objectC0SayAA06ObjectC0VGvp
67,description,Property,Structs/Schema.html#/s:10RealmSwift6SchemaV11descriptionSSvp
68,subscript(_:),Method,Structs/Schema.html#/s:10RealmSwift6SchemaVyAA06ObjectC0VSgSScip
69,==(_:_:),Method,Structs/Schema.html#/s:10RealmSwift6SchemaV2eeoiySbAC_ACtFZ
70,Index,Alias,Structs/ProjectedCollection.html#/s:Sl5IndexQa
71,index(matching:),Method,Structs/ProjectedCollection.html#/s:10RealmSwift19ProjectedCollectionV5index8matchingSiSgSo11NSPredicateC_tF
72,observe(on:_:),Method,Structs/ProjectedCollection.html#/s:10RealmSwift19ProjectedCollectionV7observe2on_So20RLMNotificationTokenCSo17OS_dispatch_queueCSg_yAA0aD6ChangeOyACyxGGctF
73,observe(keyPaths:on:_:),Method,Structs/ProjectedCollection.html#/s:10RealmSwift19ProjectedCollectionV7observe8keyPaths2on_So20RLMNotificationTokenCSaySSGSg_So17OS_dispatch_queueCSgyAA0aD6ChangeOyACyxGGctF
74,subscript(_:),Method,Structs/ProjectedCollection.html#/s:10RealmSwift19ProjectedCollectionVyxSicip
75,startIndex,Property,Structs/ProjectedCollection.html#/s:10RealmSwift19ProjectedCollectionV10startIndexSivp
76,endIndex,Property,Structs/ProjectedCollection.html#/s:10RealmSwift19ProjectedCollectionV8endIndexSivp
77,realm,Property,Structs/ProjectedCollection.html#/s:10RealmSwift19ProjectedCollectionV5realmAA0A0VSgvp
78,isInvalidated,Property,Structs/ProjectedCollection.html#/s:10RealmSwift19ProjectedCollectionV13isInvalidatedSbvp
79,description,Property,Structs/ProjectedCollection.html#/s:10RealmSwift19ProjectedCollectionV11descriptionSSvp
80,index(of:),Method,Structs/ProjectedCollection.html#/s:10RealmSwift19ProjectedCollectionV5index2ofSiSgx_tF
81,isFrozen,Property,Structs/ProjectedCollection.html#/s:10RealmSwift14ThreadConfinedP8isFrozenSbvp
82,freeze(),Method,Structs/ProjectedCollection.html#/s:10RealmSwift14ThreadConfinedP6freezexyF
83,thaw(),Method,Structs/ProjectedCollection.html#/s:10RealmSwift14ThreadConfinedP4thawxSgyF
84,Element,Alias,Structs/RLMKeyValueIterator.html#/s:St7ElementQa
85,next(),Method,Structs/RLMKeyValueIterator.html#/s:10RealmSwift19RLMKeyValueIteratorV4nextx3key_q_5valuetSgyF
86,next(),Method,Structs/RLMMapIterator.html#/s:10RealmSwift14RLMMapIteratorV4nextxSgyF
87,next(),Method,Structs/RLMIterator.html#/s:10RealmSwift11RLMIteratorV4nextxSgyF
88,in(_:),Method,Structs/Query.html#/s:10RealmSwift5QueryV2inyACySbGqd__7ElementQyd__RszSTRd__lF
89,_constructForTesting(),Method,Structs/Query.html#/s:10RealmSwift5QueryV20_constructForTestingACyxGyFZ
90,_constructPredicate(),Method,Structs/Query.html#/s:10RealmSwift5QueryV19_constructPredicateSS_SayypGtyF
91,any,Property,Structs/Query.html#/s:10RealmSwift5QueryVA2A03AnyA5ValueORszlE3anyACyAEGvp
92,count,Property,Structs/Query.html#/s:10RealmSwift5QueryVA2A0A10CollectionRzlE5countACySiGvp
93,contains(_:),Method,Structs/Query.html#/s:10RealmSwift5QueryVA2A0A10CollectionRzlE8containsyACySbG7ElementQzF
94,containsAny(in:),Method,Structs/Query.html#/s:10RealmSwift5QueryVA2A0A10CollectionRzlE11containsAny2inACySbGqd___tSTRd__7ElementQyd__AHRtzlF
95,contains(_:),Method,Structs/Query.html#/s:10RealmSwift5QueryVA2A0A10CollectionRzSL7ElementRpzlE8containsyACySbGSnyAFGF
96,contains(_:),Method,Structs/Query.html#/s:10RealmSwift5QueryVA2A0A10CollectionRzSL7ElementRpzlE8containsyACySbGSNyAFGF
97,contains(_:),Method,Structs/Query.html#/s:10RealmSwift5QueryVA2A0A10CollectionRzAA16OptionalProtocol7ElementRpzSLAF_7WrappedAaEPRPzlE8containsyACySbGSnyAJGF
98,contains(_:),Method,Structs/Query.html#/s:10RealmSwift5QueryVA2A0A10CollectionRzAA16OptionalProtocol7ElementRpzSLAF_7WrappedAaEPRPzlE8containsyACySbGSNyAJGF
99,min,Property,Structs/Query.html#/s:10RealmSwift5QueryVA2A0A10CollectionRzAA01_C7Numeric7Element_13PersistedTypeRPzlE3minACyAFQzGvp
100,max,Property,Structs/Query.html#/s:10RealmSwift5QueryVA2A0A10CollectionRzAA01_C7Numeric7Element_13PersistedTypeRPzlE3maxACyAFQzGvp
101,avg,Property,Structs/Query.html#/s:10RealmSwift5QueryVA2A0A10CollectionRzAA01_C7Numeric7Element_13PersistedTypeRPzlE3avgACyAFQzGvp
102,sum,Property,Structs/Query.html#/s:10RealmSwift5QueryVA2A0A10CollectionRzAA01_C7Numeric7Element_13PersistedTypeRPzlE3sumACyAFQzGvp
103,containsAny(in:),Method,Structs/Query.html#/s:10RealmSwift5QueryVA2A0A15KeyedCollectionRzlE11containsAny2inACySbGqd___tSTRd__7ElementQyd__5ValueRtzlF
104,contains(_:),Method,Structs/Query.html#/s:10RealmSwift5QueryVA2A0A15KeyedCollectionRzlE8containsyACySbG5ValueQzF
105,values,Property,Structs/Query.html#/s:10RealmSwift5QueryVA2A0A15KeyedCollectionRzlE6valuesACy5ValueQzGvp
106,keys,Property,Structs/Query.html#/s:10RealmSwift5QueryVA2A0A15KeyedCollectionRzSS3KeyRtzlE4keysACySSGvp
107,contains(_:),Method,Structs/Query.html#/s:10RealmSwift5QueryVA2A0A15KeyedCollectionRzSL5ValueRpzlE8containsyACySbGSnyAFGF
108,contains(_:),Method,Structs/Query.html#/s:10RealmSwift5QueryVA2A0A15KeyedCollectionRzSL5ValueRpzlE8containsyACySbGSNyAFGF
109,contains(_:),Method,Structs/Query.html#/s:10RealmSwift5QueryVA2A0A15KeyedCollectionRzAA16OptionalProtocol5ValueRpzSLAF_7WrappedAaEPRPzlE8containsyACySbGSnyAJGF
110,contains(_:),Method,Structs/Query.html#/s:10RealmSwift5QueryVA2A0A15KeyedCollectionRzAA16OptionalProtocol5ValueRpzSLAF_7WrappedAaEPRPzlE8containsyACySbGSNyAJGF
111,min,Property,Structs/Query.html#/s:10RealmSwift5QueryVA2A0A15KeyedCollectionRzAA01_C7Numeric5Value_13PersistedTypeRPzlE3minACyAFQzGvp
112,max,Property,Structs/Query.html#/s:10RealmSwift5QueryVA2A0A15KeyedCollectionRzAA01_C7Numeric5Value_13PersistedTypeRPzlE3maxACyAFQzGvp
113,avg,Property,Structs/Query.html#/s:10RealmSwift5QueryVA2A0A15KeyedCollectionRzAA01_C7Numeric5Value_13PersistedTypeRPzlE3avgACyAFQzGvp
114,sum,Property,Structs/Query.html#/s:10RealmSwift5QueryVA2A0A15KeyedCollectionRzAA01_C7Numeric5Value_13PersistedTypeRPzlE3sumACyAFQzGvp
115,count,Property,Structs/Query.html#/s:10RealmSwift5QueryVA2A0A15KeyedCollectionRzlE5countACySiGvp
116,rawValue,Property,Structs/Query.html#/s:10RealmSwift5QueryVA2A15PersistableEnumRzAA01_A18SchemaDiscoverable8RawValueRpzlE03rawI0ACyAGGvp
117,rawValue,Property,Structs/Query.html#/s:10RealmSwift5QueryVA2A16OptionalProtocolRzAA15PersistableEnum7WrappedRpzAA01_A18SchemaDiscoverableAF_8RawValueRPzlE03rawL0ACyAJSgGvp
118,rawValue,Property,Structs/Query.html#/s:10RealmSwift5QueryVA2A0A10CollectionRzAA15PersistableEnum7ElementRpzAA0aD5ValueAF_03RawH0RPzlE03rawH0ACyAA03AnyaD0VyAJGGvp
119,rawValue,Property,Structs/Query.html#/s:10RealmSwift5QueryVA2A0A15KeyedCollectionRzAA15PersistableEnum5ValueRpzAA0aeH0AF_03RawH0RPzlE03rawH0ACyAA3MapCy3KeyQzAJGGvp
120,rawValue,Property,Structs/Query.html#/s:10RealmSwift5QueryVA2A0A10CollectionRzAA16OptionalProtocol7ElementRpzAA15PersistableEnumAF_7WrappedAaEPRPzAA01_ad11ValueInsideE0AF_AiJ03RawK0RPzlE03rawK0ACyAA03AnyaD0VyANSgGGvp
121,rawValue,Property,Structs/Query.html#/s:10RealmSwift5QueryVA2A0A15KeyedCollectionRzAA16OptionalProtocol5ValueRpzAA15PersistableEnumAF_7WrappedAaEPRPzAA01_aeh6InsideF0AF_AiJ03RawH0RPzlE03rawH0ACyAA3MapCy3KeyQzANSgGGvp
122,persistableValue,Property,Structs/Query.html#/s:10RealmSwift5QueryVA2A17_HasPersistedTypeRzlE16persistableValueACy0eF0QzGvp
123,persistableValue,Property,Structs/Query.html#/s:10RealmSwift5QueryVA2A0A10CollectionRzlE16persistableValueACyAA03AnyaD0Vy7Element_13PersistedTypeQZGGvp
124,persistableValue,Property,Structs/Query.html#/s:10RealmSwift5QueryVA2A0A15KeyedCollectionRzlE16persistableValueACyAA3MapCy3KeyQz0G0_13PersistedTypeQZGGvp
125,contains(_:),Method,Structs/Query.html#/s:10RealmSwift5QueryVAASLRzlE8containsyACySbGSnyxGF
126,contains(_:),Method,Structs/Query.html#/s:10RealmSwift5QueryVAASLRzlE8containsyACySbGSNyxGF
127,like(_:caseInsensitive:),Method,Structs/Query.html#/s:10RealmSwift5QueryVA2A17_HasPersistedTypeRzAA01_C6String0eF0RpzlE4like_15caseInsensitiveACySbGx_SbtF
128,like(_:caseInsensitive:),Method,Structs/Query.html#/s:10RealmSwift5QueryVA2A17_HasPersistedTypeRzAA01_C6String0eF0RpzlE4like_15caseInsensitiveACySbGACyqd__G_SbtlF
129,contains(_:options:),Method,Structs/Query.html#/s:10RealmSwift5QueryVA2A17_HasPersistedTypeRzAA01_C6Binary0eF0RpzlE8contains_7optionsACySbGx_AA13StringOptionsVtF
130,contains(_:options:),Method,Structs/Query.html#/s:10RealmSwift5QueryVA2A17_HasPersistedTypeRzAA01_C6Binary0eF0RpzlE8contains_7optionsACySbGACyqd__G_AA13StringOptionsVtAA12_PersistableRd__AaeFRpd__lF
131,starts(with:options:),Method,Structs/Query.html#/s:10RealmSwift5QueryVA2A17_HasPersistedTypeRzAA01_C6Binary0eF0RpzlE6starts4with7optionsACySbGx_AA13StringOptionsVtF
132,starts(with:options:),Method,Structs/Query.html#/s:10RealmSwift5QueryVA2A17_HasPersistedTypeRzAA01_C6Binary0eF0RpzlE6starts4with7optionsACySbGACyqd__G_AA13StringOptionsVtlF
133,ends(with:options:),Method,Structs/Query.html#/s:10RealmSwift5QueryVA2A17_HasPersistedTypeRzAA01_C6Binary0eF0RpzlE4ends4with7optionsACySbGx_AA13StringOptionsVtF
134,ends(with:options:),Method,Structs/Query.html#/s:10RealmSwift5QueryVA2A17_HasPersistedTypeRzAA01_C6Binary0eF0RpzlE4ends4with7optionsACySbGACyqd__G_AA13StringOptionsVtlF
135,equals(_:options:),Method,Structs/Query.html#/s:10RealmSwift5QueryVA2A17_HasPersistedTypeRzAA01_C6Binary0eF0RpzlE6equals_7optionsACySbGx_AA13StringOptionsVtF
136,equals(_:options:),Method,Structs/Query.html#/s:10RealmSwift5QueryVA2A17_HasPersistedTypeRzAA01_C6Binary0eF0RpzlE6equals_7optionsACySbGACyqd__G_AA13StringOptionsVtlF
137,notEquals(_:options:),Method,Structs/Query.html#/s:10RealmSwift5QueryVA2A17_HasPersistedTypeRzAA01_C6Binary0eF0RpzlE9notEquals_7optionsACySbGx_AA13StringOptionsVtF
138,notEquals(_:options:),Method,Structs/Query.html#/s:10RealmSwift5QueryVA2A17_HasPersistedTypeRzAA01_C6Binary0eF0RpzlE9notEquals_7optionsACySbGACyqd__G_AA13StringOptionsVtlF
139,contains(_:),Method,Structs/Query.html#/s:10RealmSwift5QueryVA2A16OptionalProtocolRzSL7WrappedRpzlE8containsyACySbGSnyAFGF
140,contains(_:),Method,Structs/Query.html#/s:10RealmSwift5QueryVA2A16OptionalProtocolRzSL7WrappedRpzlE8containsyACySbGSNyAFGF
141,count,Property,Structs/Query.html#/s:10RealmSwift5QueryVAASbRszlE5countACySiGvp
142,min,Property,Structs/Query.html#/s:10RealmSwift5QueryVA2A17_HasPersistedTypeRzAA01_C7Numeric0eF0RpzlE3minACyxGvp
143,max,Property,Structs/Query.html#/s:10RealmSwift5QueryVA2A17_HasPersistedTypeRzAA01_C7Numeric0eF0RpzlE3maxACyxGvp
144,avg,Property,Structs/Query.html#/s:10RealmSwift5QueryVA2A17_HasPersistedTypeRzAA01_C7Numeric0eF0RpzlE3avgACyxGvp
145,sum,Property,Structs/Query.html#/s:10RealmSwift5QueryVA2A17_HasPersistedTypeRzAA01_C7Numeric0eF0RpzlE3sumACyxGvp
146,geoWithin(_:),Method,Structs/Query.html#/s:10RealmSwift5QueryVA2A16OptionalProtocolRzSo0aB14EmbeddedObjectC7WrappedRczlE9geoWithinyACySbGqd__So13RLMGeospatialRd__lF
147,rawValue,Property,Structs/StringOptions.html#/s:10RealmSwift13StringOptionsV8rawValues4Int8Vvp
148,init(rawValue:),Method,Structs/StringOptions.html#/s:10RealmSwift13StringOptionsV8rawValueACs4Int8V_tcfc
149,caseInsensitive,Variable,Structs/StringOptions.html#/s:10RealmSwift13StringOptionsV15caseInsensitiveACvpZ
150,diacriticInsensitive,Variable,Structs/StringOptions.html#/s:10RealmSwift13StringOptionsV20diacriticInsensitiveACvpZ
151,name,Property,Structs/Property.html#/s:10RealmSwift8PropertyV4nameSSvp
152,columnName,Property,Structs/Property.html#/s:10RealmSwift8PropertyV10columnNameSSvp
153,type,Property,Structs/Property.html#/s:10RealmSwift8PropertyV4typeSo15RLMPropertyTypeVvp
154,isArray,Property,Structs/Property.html#/s:10RealmSwift8PropertyV7isArraySbvp
155,isSet,Property,Structs/Property.html#/s:10RealmSwift8PropertyV5isSetSbvp
156,isMap,Property,Structs/Property.html#/s:10RealmSwift8PropertyV5isMapSbvp
157,isIndexed,Property,Structs/Property.html#/s:10RealmSwift8PropertyV9isIndexedSbvp
158,isOptional,Property,Structs/Property.html#/s:10RealmSwift8PropertyV10isOptionalSbvp
159,objectClassName,Property,Structs/Property.html#/s:10RealmSwift8PropertyV15objectClassNameSSSgvp
160,description,Property,Structs/Property.html#/s:10RealmSwift8PropertyV11descriptionSSvp
161,==(_:_:),Method,Structs/Property.html#/s:10RealmSwift8PropertyV2eeoiySbAC_ACtFZ
162,name,Property,Structs/ProjectedPropertyChange.html#/s:10RealmSwift23ProjectedPropertyChangeV4nameSSvp
163,oldValue,Property,Structs/ProjectedPropertyChange.html#/s:10RealmSwift23ProjectedPropertyChangeV8oldValueypSgvp
164,newValue,Property,Structs/ProjectedPropertyChange.html#/s:10RealmSwift23ProjectedPropertyChangeV8newValueypSgvp
165,init(_:),Method,Structs/Projected.html#/s:10RealmSwift9ProjectedVyACyxq_Gs7KeyPathCyxq_Gcfc
166,init(),Method,Structs/Persisted.html#/s:10RealmSwift9PersistedVACyxGycfc
167,init(wrappedValue:),Method,Structs/Persisted.html#/s:10RealmSwift9PersistedV12wrappedValueACyxGx_tcfc
168,init(from:),Method,Structs/Persisted.html#/s:Se4fromxs7Decoder_p_tKcfc
169,encode(to:),Method,Structs/Persisted.html#/s:SE6encode2toys7Encoder_p_tKF
170,init(indexed:),Method,Structs/Persisted.html#/s:10RealmSwift9PersistedVA2A10_Indexable0C4TypeRpzrlE7indexedACyxGSb_tcfc
171,init(wrappedValue:indexed:),Method,Structs/Persisted.html#/s:10RealmSwift9PersistedVA2A10_Indexable0C4TypeRpzrlE12wrappedValue7indexedACyxGx_Sbtcfc
172,init(primaryKey:),Method,Structs/Persisted.html#/s:10RealmSwift9PersistedVA2A11_PrimaryKey0C4TypeRpzrlE07primaryE0ACyxGSb_tcfc
173,init(wrappedValue:primaryKey:),Method,Structs/Persisted.html#/s:10RealmSwift9PersistedVA2A11_PrimaryKey0C4TypeRpzrlE12wrappedValue07primaryE0ACyxGx_Sbtcfc
174,init(originProperty:),Method,Structs/Persisted.html#/s:10RealmSwift9PersistedVA2A22LinkingObjectsProtocolRzrlE14originPropertyACyxGSS_tcfc
175,properties,Property,Structs/ObjectSchema.html#/s:10RealmSwift12ObjectSchemaV10propertiesSayAA8PropertyVGvp
176,className,Property,Structs/ObjectSchema.html#/s:10RealmSwift12ObjectSchemaV9classNameSSvp
177,objectClass,Property,Structs/ObjectSchema.html#/s:10RealmSwift12ObjectSchemaV11objectClassyXlXpvp
178,isEmbedded,Property,Structs/ObjectSchema.html#/s:10RealmSwift12ObjectSchemaV10isEmbeddedSbvp
179,isAsymmetric,Property,Structs/ObjectSchema.html#/s:10RealmSwift12ObjectSchemaV12isAsymmetricSbvp
180,primaryKeyProperty,Property,Structs/ObjectSchema.html#/s:10RealmSwift12ObjectSchemaV18primaryKeyPropertyAA0G0VSgvp
181,description,Property,Structs/ObjectSchema.html#/s:10RealmSwift12ObjectSchemaV11descriptionSSvp
182,subscript(_:),Method,Structs/ObjectSchema.html#/s:10RealmSwift12ObjectSchemaVyAA8PropertyVSgSScip
183,==(_:_:),Method,Structs/ObjectSchema.html#/s:10RealmSwift12ObjectSchemaV2eeoiySbAC_ACtFZ
184,name,Property,Structs/PropertyChange.html#/s:10RealmSwift14PropertyChangeV4nameSSvp
185,oldValue,Property,Structs/PropertyChange.html#/s:10RealmSwift14PropertyChangeV8oldValueypSgvp
186,newValue,Property,Structs/PropertyChange.html#/s:10RealmSwift14PropertyChangeV8newValueypSgvp
187,key,Property,Structs/SingleMapEntry.html#/s:10RealmSwift14SingleMapEntryV3keyxvp
188,value,Property,Structs/SingleMapEntry.html#/s:10RealmSwift14SingleMapEntryV5valueq_vp
189,offset,Property,Structs/MapIndex.html#/s:10RealmSwift8MapIndexV6offsetSuvp
190,combineIdentifier,Property,Structs/AsyncOpenSubscription.html#/s:10RealmSwift21AsyncOpenSubscriptionV17combineIdentifier7Combine0hG0Vvp
191,request(_:),Method,Structs/AsyncOpenSubscription.html#/s:10RealmSwift21AsyncOpenSubscriptionV7requestyy7Combine11SubscribersO6DemandVF
192,cancel(),Method,Structs/AsyncOpenSubscription.html#/s:10RealmSwift21AsyncOpenSubscriptionV6cancelyyF
193,combineIdentifier,Property,Structs/ObservationSubscription.html#/s:10RealmSwift23ObservationSubscriptionV17combineIdentifier7Combine0gF0Vvp
194,request(_:),Method,Structs/ObservationSubscription.html#/s:10RealmSwift23ObservationSubscriptionV7requestyy7Combine11SubscribersO6DemandVF
195,cancel(),Method,Structs/ObservationSubscription.html#/s:10RealmSwift23ObservationSubscriptionV6cancelyyF
196,init(_:),Method,Structs/AnyRealmCollection.html#/s:10RealmSwift03AnyA10CollectionVyACyxGqd__c7ElementSTQyd__RszAA0aD0Rd__AA15_ObjcBridgeableRd__lufc
197,subscript(_:),Method,Structs/AnyRealmCollection.html#/s:10RealmSwift03AnyA10CollectionVyxSicip
198,description,Property,Structs/AnyRealmCollection.html#/s:10RealmSwift03AnyA10CollectionV11descriptionSSvp
199,==(_:_:),Method,Structs/AnyRealmCollection.html#/s:SQ2eeoiySbx_xtFZ
200,Element,Alias,Structs/ResultsSection.html#/s:ST7ElementQa
201,key,Property,Structs/ResultsSection.html#/s:10RealmSwift14ResultsSectionV3keyxvp
202,subscript(_:),Method,Structs/ResultsSection.html#/s:10RealmSwift14ResultsSectionVyq_Sicip
203,objectWillChange,Property,Structs/ResultsSection.html#/s:10RealmSwift14ResultsSectionV16objectWillChangeAA0A10PublishersO0fG0Vy_ACyxq_GGvp
204,collectionPublisher,Property,Structs/ResultsSection.html#/s:10RealmSwift14ResultsSectionV19collectionPublisherAA0A10PublishersO5ValueVy_ACyxq_GGvp
205,collectionPublisher(keyPaths:),Method,Structs/ResultsSection.html#/s:10RealmSwift14ResultsSectionV19collectionPublisher8keyPathsAA0A10PublishersO5ValueVy_ACyxq_GGSaySSGSg_tF
206,changesetPublisher,Property,Structs/ResultsSection.html#/s:10RealmSwift14ResultsSectionV18changesetPublisherAA0A10PublishersO0D9ChangesetVy_ACyxq_GGvp
207,changesetPublisher(keyPaths:),Method,Structs/ResultsSection.html#/s:10RealmSwift14ResultsSectionV18changesetPublisher8keyPathsAA0A10PublishersO0D9ChangesetVy_ACyxq_GGSaySSGSg_tF
208,_rlmFromObjc(_:insideOptional:),Method,Structs/ResultsSection.html#/s:10RealmSwift14ResultsSectionV12_rlmFromObjc_14insideOptionalACyxq_GSgyp_SbtFZ
209,_rlmObjcValue,Property,Structs/ResultsSection.html#/s:10RealmSwift14ResultsSectionV13_rlmObjcValueypvp
210,Element,Alias,Structs/SectionedResults.html#/s:ST7ElementQa
211,allKeys,Property,Structs/SectionedResults.html#/s:10RealmSwift16SectionedResultsV7allKeysSayxGvp
212,subscript(_:),Method,Structs/SectionedResults.html#/s:10RealmSwift16SectionedResultsVyAA0D7SectionVyxq_GSicip
213,subscript(_:),Method,Structs/SectionedResults.html#/s:10RealmSwift16SectionedResultsVyq_10Foundation9IndexPathVcip
214,objectWillChange,Property,Structs/SectionedResults.html#/s:10RealmSwift16SectionedResultsV16objectWillChangeAA0A10PublishersO0fG0Vy_ACyxq_GGvp
215,collectionPublisher,Property,Structs/SectionedResults.html#/s:10RealmSwift16SectionedResultsV19collectionPublisherAA0A10PublishersO5ValueVy_ACyxq_GGvp
216,collectionPublisher(keyPaths:),Method,Structs/SectionedResults.html#/s:10RealmSwift16SectionedResultsV19collectionPublisher8keyPathsAA0A10PublishersO5ValueVy_ACyxq_GGSaySSGSg_tF
217,changesetPublisher,Property,Structs/SectionedResults.html#/s:10RealmSwift16SectionedResultsV18changesetPublisherAA0A10PublishersO0cD9ChangesetVy_ACyxq_GGvp
218,changesetPublisher(keyPaths:),Method,Structs/SectionedResults.html#/s:10RealmSwift16SectionedResultsV18changesetPublisher8keyPathsAA0A10PublishersO0cD9ChangesetVy_ACyxq_GGSaySSGSg_tF
219,_rlmFromObjc(_:insideOptional:),Method,Structs/SectionedResults.html#/s:10RealmSwift16SectionedResultsV12_rlmFromObjc_14insideOptionalACyxq_GSgyp_SbtFZ
220,_rlmObjcValue,Property,Structs/SectionedResults.html#/s:10RealmSwift16SectionedResultsV13_rlmObjcValueypvp
221,description,Property,Structs/Results.html#/s:10RealmSwift7ResultsV11descriptionSSvp
222,subscript(_:),Method,Structs/Results.html#/s:10RealmSwift7ResultsVyxSicip
223,==(_:_:),Method,Structs/Results.html#/s:SQ2eeoiySbx_xtFZ
224,objectWillChange,Property,Structs/Results.html#/s:10RealmSwift7ResultsV16objectWillChangeAA0A10PublishersO0eF0Vy_ACyxGGvp
225,init(fromType:property:),Method,Structs/LinkingObjects.html#/s:10RealmSwift14LinkingObjectsV8fromType8propertyACyxGxm_SStcfc
226,description,Property,Structs/LinkingObjects.html#/s:10RealmSwift14LinkingObjectsV11descriptionSSvp
227,subscript(_:),Method,Structs/LinkingObjects.html#/s:10RealmSwift14LinkingObjectsVyxSicip
228,==(_:_:),Method,Structs/LinkingObjects.html#/s:SQ2eeoiySbx_xtFZ
229,objectWillChange,Property,Structs/LinkingObjects.html#/s:10RealmSwift14LinkingObjectsV16objectWillChangeAA0A10PublishersO0fG0Vy_ACyxGGvp
230,_rlmType,Variable,Structs/LinkingObjects.html#/s:10RealmSwift14LinkingObjectsV8_rlmTypeSo011RLMPropertyF0VvpZ
231,_rlmRequireObjc,Variable,Structs/LinkingObjects.html#/s:10RealmSwift14LinkingObjectsV15_rlmRequireObjcSbvpZ
232,_rlmPopulateProperty(_:),Method,Structs/LinkingObjects.html#/s:10RealmSwift14LinkingObjectsV20_rlmPopulatePropertyyySo11RLMPropertyCFZ
233,_rlmPopulateProperty(_:),Method,Structs/LinkingObjects.html#/s:10RealmSwift14LinkingObjectsV20_rlmPopulatePropertyyySo11RLMPropertyCF
234,PersistedType,Alias,Structs/LinkingObjects.html#/s:10RealmSwift14LinkingObjectsVA2A12_PersistableRzrlE13PersistedTypea
235,_rlmDefaultValue(),Method,Structs/LinkingObjects.html#/s:10RealmSwift14LinkingObjectsVA2A12_PersistableRzrlE16_rlmDefaultValueACyxGyFZ
236,_rlmGetProperty(_:_:),Method,Structs/LinkingObjects.html#/s:10RealmSwift14LinkingObjectsVA2A12_PersistableRzrlE15_rlmGetPropertyyACyxGSo13RLMObjectBaseC_s6UInt16VtFZ
237,_rlmSetProperty(_:_:_:),Method,Structs/LinkingObjects.html#/s:10RealmSwift14LinkingObjectsVA2A12_PersistableRzrlE15_rlmSetPropertyyySo13RLMObjectBaseC_s6UInt16VACyxGtFZ
238,_rlmSetAccessor(_:),Method,Structs/LinkingObjects.html#/s:10RealmSwift14LinkingObjectsVA2A12_PersistableRzrlE15_rlmSetAccessoryySo11RLMPropertyCFZ
239,defaultConfiguration,Variable,Structs/Realm/Configuration.html#/s:10RealmSwift0A0V13ConfigurationV07defaultC0AEvpZ
240,init(fileURL:inMemoryIdentifier:encryptionKey:readOnly:schemaVersion:migrationBlock:deleteRealmIfMigrationNeeded:shouldCompactOnLaunch:objectTypes:seedFilePath:),Method,Structs/Realm/Configuration.html#/s:10RealmSwift0A0V13ConfigurationV7fileURL18inMemoryIdentifier13encryptionKey8readOnly13schemaVersion14migrationBlock06deleteA17IfMigrationNeeded21shouldCompactOnLaunch11objectTypes12seedFilePathAE10Foundation0E0VSg_SSSgAP4DataVSgSbs6UInt64VySo12RLMMigrationC_AYtcSgS2bSi_SitcSgSaySo13RLMObjectBaseCmGSgAStcfc
241,fileURL,Property,Structs/Realm/Configuration.html#/s:10RealmSwift0A0V13ConfigurationV7fileURL10Foundation0E0VSgvp
242,inMemoryIdentifier,Property,Structs/Realm/Configuration.html#/s:10RealmSwift0A0V13ConfigurationV18inMemoryIdentifierSSSgvp
243,encryptionKey,Property,Structs/Realm/Configuration.html#/s:10RealmSwift0A0V13ConfigurationV13encryptionKey10Foundation4DataVSgvp
244,readOnly,Property,Structs/Realm/Configuration.html#/s:10RealmSwift0A0V13ConfigurationV8readOnlySbvp
245,schemaVersion,Property,Structs/Realm/Configuration.html#/s:10RealmSwift0A0V13ConfigurationV13schemaVersions6UInt64Vvp
246,migrationBlock,Property,Structs/Realm/Configuration.html#/s:10RealmSwift0A0V13ConfigurationV14migrationBlockySo12RLMMigrationC_s6UInt64VtcSgvp
247,deleteRealmIfMigrationNeeded,Property,Structs/Realm/Configuration.html#/s:10RealmSwift0A0V13ConfigurationV06deleteA17IfMigrationNeededSbvp
248,shouldCompactOnLaunch,Property,Structs/Realm/Configuration.html#/s:10RealmSwift0A0V13ConfigurationV21shouldCompactOnLaunchSbSi_SitcSgvp
249,objectTypes,Property,Structs/Realm/Configuration.html#/s:10RealmSwift0A0V13ConfigurationV11objectTypesSaySo13RLMObjectBaseCmGSgvp
250,maximumNumberOfActiveVersions,Property,Structs/Realm/Configuration.html#/s:10RealmSwift0A0V13ConfigurationV29maximumNumberOfActiveVersionsSuSgvp
251,seedFilePath,Property,Structs/Realm/Configuration.html#/s:10RealmSwift0A0V13ConfigurationV12seedFilePath10Foundation3URLVSgvp
252,description,Property,Structs/Realm/Configuration.html#/s:10RealmSwift0A0V13ConfigurationV11descriptionSSvp
253,==(_:_:),Method,Structs/Realm/Configuration.html#/s:SQ2eeoiySbx_xtFZ
254,didChange,Element,Structs/Realm/Notification.html#/s:10RealmSwift0A0V12NotificationO9didChangeyA2EmF
255,refreshRequired,Element,Structs/Realm/Notification.html#/s:10RealmSwift0A0V12NotificationO15refreshRequiredyA2EmF
256,callFailed,Variable,Structs/Realm/Error.html#/s:SC8RLMErrorLeV10RealmSwiftE10callFailedABvpZ
257,fileURL,Property,Structs/Realm/Error.html#/s:SC8RLMErrorLeV10RealmSwiftE7fileURL10Foundation0E0VSgvp
258,error,Element,Structs/Realm/UpdatePolicy.html#/s:10RealmSwift0A0V12UpdatePolicyO5erroryA2EmF
259,modified,Element,Structs/Realm/UpdatePolicy.html#/s:10RealmSwift0A0V12UpdatePolicyO8modifiedyA2EmF
260,all,Element,Structs/Realm/UpdatePolicy.html#/s:10RealmSwift0A0V12UpdatePolicyO3allyA2EmF
261,cancel(),Method,Structs/Realm/AsyncOpenTask.html#/s:10RealmSwift0A0V13AsyncOpenTaskV6cancelyyF
262,schema,Property,Structs/Realm.html#/s:10RealmSwift0A0V6schemaAA6SchemaVvp
263,configuration,Property,Structs/Realm.html#/s:10RealmSwift0A0V13configurationAC13ConfigurationVvp
264,isEmpty,Property,Structs/Realm.html#/s:10RealmSwift0A0V7isEmptySbvp
265,init(queue:),Method,Structs/Realm.html#/s:10RealmSwift0A0V5queueACSo012OS_dispatch_C0CSg_tKcfc
266,init(configuration:queue:),Method,Structs/Realm.html#/s:10RealmSwift0A0V13configuration5queueA2C13ConfigurationV_So012OS_dispatch_D0CSgtKcfc
267,init(fileURL:),Method,Structs/Realm.html#/s:10RealmSwift0A0V7fileURLAC10Foundation0D0V_tKcfc
268,asyncOpen(configuration:callbackQueue:callback:),Method,Structs/Realm.html#/s:10RealmSwift0A0V9asyncOpen13configuration13callbackQueue0F0AC05AsyncD4TaskVAC13ConfigurationV_So17OS_dispatch_queueCys6ResultOyACs5Error_pGctFZ
269,AsyncOpenTask,Struct,Structs/Realm/AsyncOpenTask.html
270,write(withoutNotifying:_:),Method,Structs/Realm.html#/s:10RealmSwift0A0V5write16withoutNotifying_xSaySo20RLMNotificationTokenCG_xyKXEtKlF
271,beginWrite(),Method,Structs/Realm.html#/s:10RealmSwift0A0V10beginWriteyyF
272,commitWrite(withoutNotifying:),Method,Structs/Realm.html#/s:10RealmSwift0A0V11commitWrite16withoutNotifyingySaySo20RLMNotificationTokenCG_tKF
273,cancelWrite(),Method,Structs/Realm.html#/s:10RealmSwift0A0V11cancelWriteyyF
274,isInWriteTransaction,Property,Structs/Realm.html#/s:10RealmSwift0A0V20isInWriteTransactionSbvp
275,writeAsync(_:onComplete:),Method,Structs/Realm.html#/s:10RealmSwift0A0V10writeAsync_10onCompletes6UInt32Vyyc_ys5Error_pSgcSgtF
276,beginAsyncWrite(_:),Method,Structs/Realm.html#/s:10RealmSwift0A0V15beginAsyncWriteys6UInt32VyycF
277,commitAsyncWrite(allowGrouping:_:),Method,Structs/Realm.html#/s:10RealmSwift0A0V16commitAsyncWrite13allowGrouping_s6UInt32VSb_ys5Error_pSgcSgtF
278,cancelAsyncWrite(_:),Method,Structs/Realm.html#/s:10RealmSwift0A0V16cancelAsyncWriteyys6UInt32VKF
279,isPerformingAsynchronousWriteOperations,Property,Structs/Realm.html#/s:10RealmSwift0A0V39isPerformingAsynchronousWriteOperationsSbvp
280,UpdatePolicy,Enum,Structs/Realm/UpdatePolicy.html
281,add(_:update:),Method,Structs/Realm.html#/s:10RealmSwift0A0V3add_6updateySo0aB6ObjectC_AC12UpdatePolicyOtF
282,add(_:update:),Method,Structs/Realm.html#/s:10RealmSwift0A0V3add_6updateyx_AC12UpdatePolicyOtSTRzSo0aB6ObjectC7ElementRczlF
283,create(_:value:update:),Method,Structs/Realm.html#/s:10RealmSwift0A0V6create_5value6updatexxm_ypAC12UpdatePolicyOtSo0aB6ObjectCRbzlF
284,delete(_:),Method,Structs/Realm.html#/s:10RealmSwift0A0V6deleteyySo13RLMObjectBaseCF
285,delete(_:),Method,Structs/Realm.html#/s:10RealmSwift0A0V6deleteyyxSTRzSo13RLMObjectBaseC7ElementRczlF
286,deleteAll(),Method,Structs/Realm.html#/s:10RealmSwift0A0V9deleteAllyyF
287,objects(_:),Method,Structs/Realm.html#/s:10RealmSwift0A0V7objectsyAA7ResultsVyxGxmAA0A9FetchableRzlF
288,object(ofType:forPrimaryKey:),Method,Structs/Realm.html#/s:10RealmSwift0A0V6object6ofType13forPrimaryKeyxSgxm_q_tSo0aB6ObjectCRbzr0_lF
289,observe(_:),Method,Structs/Realm.html#/s:10RealmSwift0A0V7observeySo20RLMNotificationTokenCyAC12NotificationO_ACtcF
290,autorefresh,Property,Structs/Realm.html#/s:10RealmSwift0A0V11autorefreshSbvp
291,refresh(),Method,Structs/Realm.html#/s:10RealmSwift0A0V7refreshSbyF
292,isFrozen,Property,Structs/Realm.html#/s:10RealmSwift0A0V8isFrozenSbvp
293,freeze(),Method,Structs/Realm.html#/s:10RealmSwift0A0V6freezeACyF
294,thaw(),Method,Structs/Realm.html#/s:10RealmSwift0A0V4thawACyF
295,freeze(_:),Method,Structs/Realm.html#/s:10RealmSwift0A0V6freezeyxxSo13RLMObjectBaseCRbzlF
296,thaw(_:),Method,Structs/Realm.html#/s:10RealmSwift0A0V4thawyxSgxSo13RLMObjectBaseCRbzlF
297,freeze(_:),Method,Structs/Realm.html#/s:10RealmSwift0A0V6freezeyxxAA0A10CollectionRzlF
298,invalidate(),Method,Structs/Realm.html#/s:10RealmSwift0A0V10invalidateyyF
299,writeCopy(toFile:encryptionKey:),Method,Structs/Realm.html#/s:10RealmSwift0A0V9writeCopy6toFile13encryptionKeyy10Foundation3URLV_AG4DataVSgtKF
300,writeCopy(configuration:),Method,Structs/Realm.html#/s:10RealmSwift0A0V9writeCopy13configurationyAC13ConfigurationV_tKF
301,fileExists(for:),Method,Structs/Realm.html#/s:10RealmSwift0A0V10fileExists3forSbAC13ConfigurationV_tFZ
302,deleteFiles(for:),Method,Structs/Realm.html#/s:10RealmSwift0A0V11deleteFiles3forSbAC13ConfigurationV_tKFZ
303,objectWillChange,Property,Structs/Realm.html#/s:10RealmSwift0A0V16objectWillChangeAA0A10PublishersO0adE0Vvp
304,Error,Alias,Structs/Realm.html#/s:10RealmSwift0A0V5Errora
305,Error,Extension,Structs/Realm/Error.html
306,Error,Extension,Structs/Realm.html#/Error
307,performMigration(for:),Method,Structs/Realm.html#/s:10RealmSwift0A0V16performMigration3foryAC13ConfigurationV_tKFZ
308,==(_:_:),Method,Structs/Realm.html#/s:10RealmSwift0A0V2eeoiySbAC_ACtFZ
309,Notification,Enum,Structs/Realm/Notification.html
310,init(configuration:),Method,Structs/Realm.html#/s:10RealmSwift0A0V13configurationA2C13ConfigurationV_tYaKcfc
311,init(configuration:actor:),Method,Structs/Realm.html#/s:10RealmSwift0A0V13configuration5actorA2C13ConfigurationV_xtYaKcScARzlufc
312,open(configuration:_isolation:),Method,Structs/Realm.html#/s:10RealmSwift0A0V4open13configuration10_isolationA2C13ConfigurationV_ScA_pYitYaKFZ
313,asyncWrite(_:),Method,Structs/Realm.html#/asyncWrite(_:)
314,asyncRefresh(),Method,Structs/Realm.html#/asyncRefresh()
315,asyncWrite(_isolation:_:),Method,Structs/Realm.html#/s:10RealmSwift0A0V10asyncWrite10_isolation_xScA_pYi_xyKXEtYaKlF
316,asyncRefresh(_isolation:),Method,Structs/Realm.html#/s:10RealmSwift0A0V12asyncRefresh10_isolationSbScA_pYi_tYaF
317,Configuration,Struct,Structs/Realm/Configuration.html
318,resolve(_:),Method,Structs/Realm.html#/s:10RealmSwift0A0V7resolveyxSgAA19ThreadSafeReferenceVyxGAA0D8ConfinedRzlF
319,next(),Method,Structs/RLMDictionaryIterator.html#/s:St4next7ElementQzSgyF
320,next(),Method,Structs/RLMCollectionIterator.html#/s:St4next7ElementQzSgyF
321,RLMCollectionIterator,Struct,Structs/RLMCollectionIterator.html
322,RLMDictionaryIterator,Struct,Structs/RLMDictionaryIterator.html
323,Realm,Struct,Structs/Realm.html
324,LinkingObjects,Struct,Structs/LinkingObjects.html
325,Results,Struct,Structs/Results.html
326,SectionedResults,Struct,Structs/SectionedResults.html
327,ResultsSection,Struct,Structs/ResultsSection.html
328,AnyRealmCollection,Struct,Structs/AnyRealmCollection.html
329,ObservationSubscription,Struct,Structs/ObservationSubscription.html
330,AsyncOpenSubscription,Struct,Structs/AsyncOpenSubscription.html
331,MapIndex,Struct,Structs/MapIndex.html
332,SingleMapEntry,Struct,Structs/SingleMapEntry.html
333,PropertyChange,Struct,Structs/PropertyChange.html
334,ObjectSchema,Struct,Structs/ObjectSchema.html
335,Persisted,Struct,Structs/Persisted.html
336,Projected,Struct,Structs/Projected.html
337,ProjectedPropertyChange,Struct,Structs/ProjectedPropertyChange.html
338,Property,Struct,Structs/Property.html
339,StringOptions,Struct,Structs/StringOptions.html
340,Query,Struct,Structs/Query.html
341,RLMIterator,Struct,Structs/RLMIterator.html
342,RLMMapIterator,Struct,Structs/RLMMapIterator.html
343,RLMKeyValueIterator,Struct,Structs/RLMKeyValueIterator.html
344,ProjectedCollection,Struct,Structs/ProjectedCollection.html
345,CollectionElementMapper,Struct,Structs.html#/s:10RealmSwift23CollectionElementMapperV
346,Schema,Struct,Structs/Schema.html
347,SectionedResultsIterator,Struct,Structs/SectionedResultsIterator.html
348,SectionIterator,Struct,Structs/SectionIterator.html
349,SortDescriptor,Struct,Structs/SortDescriptor.html
350,StateRealmObject,Struct,Structs/StateRealmObject.html
351,ObservedResults,Struct,Structs/ObservedResults.html
352,ObservedSectionedResults,Struct,Structs/ObservedSectionedResults.html
353,ObservedRealmObject,Struct,Structs/ObservedRealmObject.html
354,ThreadSafeReference,Struct,Structs/ThreadSafeReference.html
355,realm,Property,Protocols/ThreadConfined.html#/s:10RealmSwift14ThreadConfinedP5realmAA0A0VSgvp
356,isInvalidated,Property,Protocols/ThreadConfined.html#/s:10RealmSwift14ThreadConfinedP13isInvalidatedSbvp
357,isFrozen,Property,Protocols/ThreadConfined.html#/s:10RealmSwift14ThreadConfinedP8isFrozenSbvp
358,freeze(),Method,Protocols/ThreadConfined.html#/s:10RealmSwift14ThreadConfinedP6freezexyF
359,thaw(),Method,Protocols/ThreadConfined.html#/s:10RealmSwift14ThreadConfinedP4thawxSgyF
360,bind(_:),Method,Protocols/ThreadConfined.html#/s:10RealmSwift14ThreadConfinedPA2A20ProjectionObservableRzrlE4bindy0B2UI7BindingVyqd__Gs24ReferenceWritableKeyPathCyxqd__GAA12_PersistableRd__SQRd__lF
361,bind(_:),Method,Protocols/ThreadConfined.html#/s:10RealmSwift14ThreadConfinedPAASo13RLMObjectBaseCRbzrlE4bindy0B2UI7BindingVyqd__Gs24ReferenceWritableKeyPathCyxqd__GAA12_PersistableRd__SQRd__lF
362,realm,Property,Protocols/RealmSectionedResult.html#/s:10RealmSwift0A15SectionedResultP5realmAA0A0VSgvp
363,isInvalidated,Property,Protocols/RealmSectionedResult.html#/s:10RealmSwift0A15SectionedResultP13isInvalidatedSbvp
364,count,Property,Protocols/RealmSectionedResult.html#/s:10RealmSwift0A15SectionedResultP5countSivp
365,isFrozen,Property,Protocols/RealmSectionedResult.html#/s:10RealmSwift0A15SectionedResultP8isFrozenSbvp
366,freeze(),Method,Protocols/RealmSectionedResult.html#/s:10RealmSwift0A15SectionedResultP6freezexyF
367,thaw(),Method,Protocols/RealmSectionedResult.html#/s:10RealmSwift0A15SectionedResultP4thawxSgyF
368,observe(keyPaths:on:_:),Method,Protocols/RealmSectionedResult.html#/s:10RealmSwift0A15SectionedResultP7observe8keyPaths2on_So20RLMNotificationTokenCSaySSGSg_So17OS_dispatch_queueCSgyAA0C13ResultsChangeOyxGctF
369,observe(keyPaths:on:_:),Method,Protocols/RealmSectionedResult.html#/s:10RealmSwift0A15SectionedResultPA2aB7ElementRpzSo13RLMObjectBaseCAD_ADRCzrlE7observe8keyPaths2on_So20RLMNotificationTokenCSays14PartialKeyPathCyAHGG_So17OS_dispatch_queueCSgyAA0C13ResultsChangeOyxGctF
370,observe(keyPaths:on:_:),Method,Protocols/RealmSectionedResult.html#/s:10RealmSwift0A15SectionedResultPAASo13RLMObjectBaseC7ElementRczrlE7observe8keyPaths2on_So20RLMNotificationTokenCSays14PartialKeyPathCyAGGG_So17OS_dispatch_queueCSgyAA0C13ResultsChangeOyxGctF
371,Root,Alias,Protocols/ProjectionObservable.html#/s:10RealmSwift20ProjectionObservableP4RootQa
372,rootObject,Property,Protocols/ProjectionObservable.html#/s:10RealmSwift20ProjectionObservableP10rootObject4RootQzvp
373,observe(keyPaths:on:_:),Method,Protocols/ProjectionObservable.html#/s:10RealmSwift20ProjectionObservablePAAE7observe8keyPaths2on_So20RLMNotificationTokenCSaySSGSg_So17OS_dispatch_queueCSgyAA12ObjectChangeOyxGctF
374,observe(keyPaths:on:_:),Method,Protocols/ProjectionObservable.html#/s:10RealmSwift20ProjectionObservablePAAE7observe8keyPaths2on_So20RLMNotificationTokenCSays14PartialKeyPathCyxGG_So17OS_dispatch_queueCSgyAA12ObjectChangeOyxGctF
375,observe(keyPaths:on:_isolation:_:),Method,Protocols/ProjectionObservable.html#/s:10RealmSwift20ProjectionObservablePAAE7observe8keyPaths2on10_isolation_So20RLMNotificationTokenCSaySSGSg_qd__ScA_pSgYiyqd__Yi_AA12ObjectChangeOyxGtYbctYaScARd__lF
376,observe(keyPaths:on:_isolation:_:),Method,Protocols/ProjectionObservable.html#/s:10RealmSwift20ProjectionObservablePAAE7observe8keyPaths2on10_isolation_So20RLMNotificationTokenCSays14PartialKeyPathCyxGG_qd__ScA_pSgYiyqd__Yi_AA12ObjectChangeOyxGtYbctYaScARd__lF
377,_rlmType,Variable,Protocols/_RealmSchemaDiscoverable.html#/s:10RealmSwift01_A18SchemaDiscoverableP8_rlmTypeSo011RLMPropertyF0VvpZ
378,_rlmOptional,Variable,Protocols/_RealmSchemaDiscoverable.html#/s:10RealmSwift01_A18SchemaDiscoverableP12_rlmOptionalSbvpZ
379,_rlmRequireObjc,Variable,Protocols/_RealmSchemaDiscoverable.html#/s:10RealmSwift01_A18SchemaDiscoverableP15_rlmRequireObjcSbvpZ
380,_rlmPopulateProperty(_:),Method,Protocols/_RealmSchemaDiscoverable.html#/s:10RealmSwift01_A18SchemaDiscoverableP20_rlmPopulatePropertyyySo11RLMPropertyCF
381,_rlmPopulateProperty(_:),Method,Protocols/_RealmSchemaDiscoverable.html#/s:10RealmSwift01_A18SchemaDiscoverableP20_rlmPopulatePropertyyySo11RLMPropertyCFZ
382,Wrapped,Alias,Protocols/OptionalProtocol.html#/s:10RealmSwift16OptionalProtocolP7WrappedQa
383,_rlmInferWrappedType(),Method,Protocols/OptionalProtocol.html#/s:10RealmSwift16OptionalProtocolP20_rlmInferWrappedType0G0QzyF
384,init(),Method,Protocols/_DefaultConstructible.html#/s:10RealmSwift21_DefaultConstructiblePxycfc
385,_rlmGetPropertyOptional(_:_:),Method,Protocols/_PersistableInsideOptional.html#/s:10RealmSwift26_PersistableInsideOptionalP015_rlmGetPropertyE0yxSgSo13RLMObjectBaseC_s6UInt16VtFZ
386,_rlmSetAccessor(_:),Method,Protocols/_PersistableInsideOptional.html#/s:10RealmSwift26_PersistableInsideOptionalPAAE15_rlmSetAccessoryySo11RLMPropertyCFZ
387,_rlmGetProperty(_:_:),Method,Protocols/_Persistable.html#/s:10RealmSwift12_PersistableP15_rlmGetPropertyyxSo13RLMObjectBaseC_s6UInt16VtFZ
388,_rlmSetProperty(_:_:_:),Method,Protocols/_Persistable.html#/s:10RealmSwift12_PersistableP15_rlmSetPropertyyySo13RLMObjectBaseC_s6UInt16VxtFZ
389,_rlmSetAccessor(_:),Method,Protocols/_Persistable.html#/s:10RealmSwift12_PersistableP15_rlmSetAccessoryySo11RLMPropertyCFZ
390,_rlmRequiresCaching,Variable,Protocols/_Persistable.html#/s:10RealmSwift12_PersistableP19_rlmRequiresCachingSbvpZ
391,_rlmDefaultValue(),Method,Protocols/_Persistable.html#/s:10RealmSwift12_PersistableP16_rlmDefaultValuexyFZ
392,_rlmDefaultValue(),Method,Protocols/_Persistable.html#/s:10RealmSwift12_PersistablePA2A21_DefaultConstructibleRzrlE04_rlmD5ValuexyFZ
393,PersistedType,Alias,Protocols/_HasPersistedType.html#/s:10RealmSwift17_HasPersistedTypeP0dE0Qa
394,PersistedType,Alias,Protocols/_PossiblyAggregateable.html#/s:10RealmSwift22_PossiblyAggregateableP13PersistedTypeQa
395,_rlmFromObjc(_:insideOptional:),Method,Protocols/_ObjcBridgeable.html#/s:10RealmSwift15_ObjcBridgeableP08_rlmFromC0_14insideOptionalxSgyp_SbtFZ
396,_rlmObjcValue,Property,Protocols/_ObjcBridgeable.html#/s:10RealmSwift15_ObjcBridgeableP04_rlmC5Valueypvp
397,init(persistedValue:),Method,Protocols/FailableCustomPersistable.html#/s:10RealmSwift25FailableCustomPersistableP14persistedValuexSg13PersistedTypeQz_tcfc
398,persistableValue,Property,Protocols/FailableCustomPersistable.html#/s:10RealmSwift25FailableCustomPersistableP16persistableValue13PersistedTypeQzvp
399,init(persistedValue:),Method,Protocols/CustomPersistable.html#/s:10RealmSwift17CustomPersistableP14persistedValuex13PersistedTypeQz_tcfc
400,persistableValue,Property,Protocols/CustomPersistable.html#/s:10RealmSwift17CustomPersistableP16persistableValue13PersistedTypeQzvp
401,Key,Alias,Protocols/RealmKeyedCollection.html#/s:10RealmSwift0A15KeyedCollectionP3KeyQa
402,Value,Alias,Protocols/RealmKeyedCollection.html#/s:10RealmSwift0A15KeyedCollectionP5ValueQa
403,realm,Property,Protocols/RealmKeyedCollection.html#/s:10RealmSwift0A15KeyedCollectionP5realmAA0A0VSgvp
404,isInvalidated,Property,Protocols/RealmKeyedCollection.html#/s:10RealmSwift0A15KeyedCollectionP13isInvalidatedSbvp
405,count,Property,Protocols/RealmKeyedCollection.html#/s:10RealmSwift0A15KeyedCollectionP5countSivp
406,description,Property,Protocols/RealmKeyedCollection.html#/s:10RealmSwift0A15KeyedCollectionP11descriptionSSvp
407,updateValue(_:forKey:),Method,Protocols/RealmKeyedCollection.html#/s:10RealmSwift0A15KeyedCollectionP11updateValue_6forKeyy0F0Qz_0H0QztF
408,removeObject(for:),Method,Protocols/RealmKeyedCollection.html#/s:10RealmSwift0A15KeyedCollectionP12removeObject3fory3KeyQz_tF
409,removeAll(),Method,Protocols/RealmKeyedCollection.html#/s:10RealmSwift0A15KeyedCollectionP9removeAllyyF
410,subscript(_:),Method,Protocols/RealmKeyedCollection.html#/s:10RealmSwift0A15KeyedCollectionPy5ValueQzSg3KeyQzcip
411,value(forKey:),Method,Protocols/RealmKeyedCollection.html#/s:10RealmSwift0A15KeyedCollectionP5value6forKeyyXlSgSS_tF
412,value(forKeyPath:),Method,Protocols/RealmKeyedCollection.html#/s:10RealmSwift0A15KeyedCollectionP5value10forKeyPathyXlSgSS_tF
413,setValue(_:forKey:),Method,Protocols/RealmKeyedCollection.html#/s:10RealmSwift0A15KeyedCollectionP8setValue_6forKeyyypSg_SStF
414,filter(_:),Method,Protocols/RealmKeyedCollection.html#/s:10RealmSwift0A15KeyedCollectionP6filteryAA7ResultsVy5ValueQzGSo11NSPredicateCF
415,contains(where:),Method,Protocols/RealmKeyedCollection.html#/s:10RealmSwift0A15KeyedCollectionP8contains5whereS2b3KeyQz_5ValueQztc_tF
416,sorted(ascending:),Method,Protocols/RealmKeyedCollection.html#/s:10RealmSwift0A15KeyedCollectionP6sorted9ascendingAA7ResultsVy5ValueQzGSb_tF
417,sorted(byKeyPath:ascending:),Method,Protocols/RealmKeyedCollection.html#/s:10RealmSwift0A15KeyedCollectionP6sorted9byKeyPath9ascendingAA7ResultsVy5ValueQzGSS_SbtF
418,sorted(by:),Method,Protocols/RealmKeyedCollection.html#/s:10RealmSwift0A15KeyedCollectionP6sorted2byAA7ResultsVy5ValueQzGqd___tSTRd__AA14SortDescriptorV7ElementRtd__lF
419,keys,Property,Protocols/RealmKeyedCollection.html#/s:10RealmSwift0A15KeyedCollectionP4keysSay3KeyQzGvp
420,values,Property,Protocols/RealmKeyedCollection.html#/s:10RealmSwift0A15KeyedCollectionP6valuesSay5ValueQzGvp
421,min(ofProperty:),Method,Protocols/RealmKeyedCollection.html#/s:10RealmSwift0A15KeyedCollectionP3min10ofPropertyqd__SgSS_tAA17_HasPersistedTypeRd__AA06MinMaxJ00iJ0Rpd__lF
422,max(ofProperty:),Method,Protocols/RealmKeyedCollection.html#/s:10RealmSwift0A15KeyedCollectionP3max10ofPropertyqd__SgSS_tAA17_HasPersistedTypeRd__AA06MinMaxJ00iJ0Rpd__lF
423,sum(ofProperty:),Method,Protocols/RealmKeyedCollection.html#/s:10RealmSwift0A15KeyedCollectionP3sum10ofPropertyqd__SS_tAA17_HasPersistedTypeRd__AA07AddableJ00iJ0Rpd__lF
424,average(ofProperty:),Method,Protocols/RealmKeyedCollection.html#/s:10RealmSwift0A15KeyedCollectionP7average10ofPropertyqd__SgSS_tAA17_HasPersistedTypeRd__AA07AddableJ00iJ0Rpd__lF
425,observe(keyPaths:on:_:),Method,Protocols/RealmKeyedCollection.html#/s:10RealmSwift0A15KeyedCollectionP7observe8keyPaths2on_So20RLMNotificationTokenCSaySSGSg_So17OS_dispatch_queueCSgyAA0A9MapChangeOyxGctF
426,isFrozen,Property,Protocols/RealmKeyedCollection.html#/s:10RealmSwift0A15KeyedCollectionP8isFrozenSbvp
427,freeze(),Method,Protocols/RealmKeyedCollection.html#/s:10RealmSwift0A15KeyedCollectionP6freezexyF
428,thaw(),Method,Protocols/RealmKeyedCollection.html#/s:10RealmSwift0A15KeyedCollectionP4thawxSgyF
429,objectWillChange,Property,Protocols/RealmKeyedCollection.html#/s:10RealmSwift0A15KeyedCollectionPA2A0A12SubscribableRzrlE16objectWillChangeAA0A10PublishersO0gH0Vy_xGvp
430,collectionPublisher,Property,Protocols/RealmKeyedCollection.html#/s:10RealmSwift0A15KeyedCollectionPA2A0A12SubscribableRzrlE19collectionPublisherAA0A10PublishersO5ValueVy_xGvp
431,collectionPublisher(keyPaths:),Method,Protocols/RealmKeyedCollection.html#/s:10RealmSwift0A15KeyedCollectionPA2A0A12SubscribableRzrlE19collectionPublisher8keyPathsAA0A10PublishersO5ValueVy_xGSaySSGSg_tF
432,changesetPublisher,Property,Protocols/RealmKeyedCollection.html#/s:10RealmSwift0A15KeyedCollectionPA2A0A12SubscribableRzrlE18changesetPublisherAA0A10PublishersO12MapChangesetVy_xGvp
433,changesetPublisher(keyPaths:),Method,Protocols/RealmKeyedCollection.html#/s:10RealmSwift0A15KeyedCollectionPA2A0A12SubscribableRzrlE18changesetPublisher8keyPathsAA0A10PublishersO12MapChangesetVy_xGSaySSGSg_tF
434,min(of:),Method,Protocols/RealmKeyedCollection.html#/s:10RealmSwift0A15KeyedCollectionPA2A16OptionalProtocol5ValueRpzSo13RLMObjectBaseCAE_7WrappedAaDPRCzrlE3min2ofqd__Sgs7KeyPathCyAKqd__G_tAA17_HasPersistedTypeRd__AA06MinMaxQ00pQ0Rpd__lF
435,max(of:),Method,Protocols/RealmKeyedCollection.html#/s:10RealmSwift0A15KeyedCollectionPA2A16OptionalProtocol5ValueRpzSo13RLMObjectBaseCAE_7WrappedAaDPRCzrlE3max2ofqd__Sgs7KeyPathCyAKqd__G_tAA17_HasPersistedTypeRd__AA06MinMaxQ00pQ0Rpd__lF
436,sum(of:),Method,Protocols/RealmKeyedCollection.html#/s:10RealmSwift0A15KeyedCollectionPA2A16OptionalProtocol5ValueRpzSo13RLMObjectBaseCAE_7WrappedAaDPRCzrlE3sum2ofqd__s7KeyPathCyAKqd__G_tAA17_HasPersistedTypeRd__AA07AddableQ00pQ0Rpd__lF
437,average(of:),Method,Protocols/RealmKeyedCollection.html#/s:10RealmSwift0A15KeyedCollectionPA2A16OptionalProtocol5ValueRpzSo13RLMObjectBaseCAE_7WrappedAaDPRCzrlE7average2ofqd__Sgs7KeyPathCyAKqd__G_tAA17_HasPersistedTypeRd__AA07AddableQ00pQ0Rpd__lF
438,sorted(by:ascending:),Method,Protocols/RealmKeyedCollection.html#/s:10RealmSwift0A15KeyedCollectionPA2A16OptionalProtocol5ValueRpzSo13RLMObjectBaseCAE_7WrappedAaDPRCzAA0adG0AKRQrlE6sorted2by9ascendingAA7ResultsVyAFGs7KeyPathCyAKqd__G_SbtAA17_HasPersistedTypeRd__AA08SortableS00rS0Rpd__lF
439,min(),Method,Protocols/RealmKeyedCollection.html#/s:10RealmSwift0A15KeyedCollectionPA2A10MinMaxType5Value_09PersistedG0RPzrlE3minAEQzSgyF
440,max(),Method,Protocols/RealmKeyedCollection.html#/s:10RealmSwift0A15KeyedCollectionPA2A10MinMaxType5Value_09PersistedG0RPzrlE3maxAEQzSgyF
441,sum(),Method,Protocols/RealmKeyedCollection.html#/s:10RealmSwift0A15KeyedCollectionPA2A11AddableType5Value_09PersistedF0RPzrlE3sumAEQzyF
442,average(),Method,Protocols/RealmKeyedCollection.html#/s:10RealmSwift0A15KeyedCollectionPA2A11AddableType5Value_09PersistedF0RPzrlE7averageqd__SgyAA04_HashF0Rd__AadFRpd__lF
443,sorted(ascending:),Method,Protocols/RealmKeyedCollection.html#/s:10RealmSwift0A15KeyedCollectionPA2A12SortableType5Value_09PersistedF0RPzrlE6sorted9ascendingAA7ResultsVyAEQzGSb_tF
444,realm,Property,Protocols/RealmCollection.html#/s:10RealmSwift0A10CollectionP5realmAA0A0VSgvp
445,isInvalidated,Property,Protocols/RealmCollection.html#/s:10RealmSwift0A10CollectionP13isInvalidatedSbvp
446,count,Property,Protocols/RealmCollection.html#/s:10RealmSwift0A10CollectionP5countSivp
447,description,Property,Protocols/RealmCollection.html#/s:10RealmSwift0A10CollectionP11descriptionSSvp
448,first,Property,Protocols/RealmCollection.html#/s:10RealmSwift0A10CollectionP5first7ElementQzSgvp
449,last,Property,Protocols/RealmCollection.html#/s:10RealmSwift0A10CollectionP4last7ElementQzSgvp
450,index(of:),Method,Protocols/RealmCollection.html#/s:10RealmSwift0A10CollectionP5index2ofSiSg7ElementQz_tF
451,index(matching:),Method,Protocols/RealmCollection.html#/s:10RealmSwift0A10CollectionP5index8matchingSiSgSo11NSPredicateC_tF
452,index(matching:_:),Method,Protocols/RealmCollection.html#/s:10RealmSwift0A10CollectionP5index8matching_SiSgSS_ypdtF
453,objects(at:),Method,Protocols/RealmCollection.html#/s:10RealmSwift0A10CollectionP7objects2atSay7ElementQzG10Foundation8IndexSetV_tF
454,filter(_:_:),Method,Protocols/RealmCollection.html#/s:10RealmSwift0A10CollectionP6filteryAA7ResultsVy7ElementQzGSS_ypdtF
455,filter(_:),Method,Protocols/RealmCollection.html#/s:10RealmSwift0A10CollectionP6filteryAA7ResultsVy7ElementQzGSo11NSPredicateCF
456,sorted(by:),Method,Protocols/RealmCollection.html#/s:10RealmSwift0A10CollectionP6sorted2byAA7ResultsVy7ElementQzGqd___tSTRd__AA14SortDescriptorVAHRtd__lF
457,distinct(by:),Method,Protocols/RealmCollection.html#/s:10RealmSwift0A10CollectionP8distinct2byAA7ResultsVy7ElementQzGqd___tSTRd__SSAHRtd__lF
458,min(ofProperty:),Method,Protocols/RealmCollection.html#/s:10RealmSwift0A10CollectionP3min10ofPropertyqd__SgSS_tAA17_HasPersistedTypeRd__AA06MinMaxI00hI0Rpd__lF
459,max(ofProperty:),Method,Protocols/RealmCollection.html#/s:10RealmSwift0A10CollectionP3max10ofPropertyqd__SgSS_tAA17_HasPersistedTypeRd__AA06MinMaxI00hI0Rpd__lF
460,sum(ofProperty:),Method,Protocols/RealmCollection.html#/s:10RealmSwift0A10CollectionP3sum10ofPropertyqd__SS_tAA17_HasPersistedTypeRd__AA07AddableI00hI0Rpd__lF
461,average(ofProperty:),Method,Protocols/RealmCollection.html#/s:10RealmSwift0A10CollectionP7average10ofPropertyqd__SgSS_tAA17_HasPersistedTypeRd__AA07AddableI00hI0Rpd__lF
462,value(forKey:),Method,Protocols/RealmCollection.html#/s:10RealmSwift0A10CollectionP5value6forKeyypSgSS_tF
463,value(forKeyPath:),Method,Protocols/RealmCollection.html#/s:10RealmSwift0A10CollectionP5value10forKeyPathypSgSS_tF
464,setValue(_:forKey:),Method,Protocols/RealmCollection.html#/s:10RealmSwift0A10CollectionP8setValue_6forKeyyypSg_SStF
465,observe(keyPaths:on:_:),Method,Protocols/RealmCollection.html#/s:10RealmSwift0A10CollectionP7observe8keyPaths2on_So20RLMNotificationTokenCSaySSGSg_So17OS_dispatch_queueCSgyAA0aC6ChangeOyxGctF
466,observe(keyPaths:on:_isolation:_:),Method,Protocols/RealmCollection.html#/s:10RealmSwift0A10CollectionP7observe8keyPaths2on10_isolation_So20RLMNotificationTokenCSaySSGSg_qd__ScA_pSgYiyqd__Yi_AA0aC6ChangeOyxGtYbctYaScARd__lF
467,isFrozen,Property,Protocols/RealmCollection.html#/s:10RealmSwift0A10CollectionP8isFrozenSbvp
468,freeze(),Method,Protocols/RealmCollection.html#/s:10RealmSwift0A10CollectionP6freezexyF
469,thaw(),Method,Protocols/RealmCollection.html#/s:10RealmSwift0A10CollectionP4thawxSgyF
470,sectioned(sortDescriptors:_:),Method,Protocols/RealmCollection.html#/s:10RealmSwift0A10CollectionP9sectioned15sortDescriptors_AA16SectionedResultsVyqd__7ElementQzGSayAA14SortDescriptorVG_qd__AIctAA12_PersistableRd__SHRd__lF
471,index(matching:),Method,Protocols/RealmCollection.html#/s:10RealmSwift0A10CollectionPAAE5index8matchingSiSgAA5QueryVySbGAHy7ElementQzGXE_tAA01_A18SchemaDiscoverableAKRQrlF
472,where(_:),Method,Protocols/RealmCollection.html#/s:10RealmSwift0A10CollectionPAAE5whereyAA7ResultsVy7ElementQzGAA5QueryVySbGAKyAHGXEF
473,startIndex,Property,Protocols/RealmCollection.html#/s:10RealmSwift0A10CollectionPAAE10startIndexSivp
474,endIndex,Property,Protocols/RealmCollection.html#/s:10RealmSwift0A10CollectionPAAE8endIndexSivp
475,index(after:),Method,Protocols/RealmCollection.html#/s:10RealmSwift0A10CollectionPAAE5index5afterS2i_tF
476,index(before:),Method,Protocols/RealmCollection.html#/s:10RealmSwift0A10CollectionPAAE5index6beforeS2i_tF
477,sectioned(by:ascending:),Method,Protocols/RealmCollection.html#/s:10RealmSwift0A10CollectionPAAE9sectioned2by9ascendingAA16SectionedResultsVyqd__7ElementQzGqd__AJc_SbtAA12_PersistableRd__SHRd__lF
478,sectioned(by:ascending:),Method,Protocols/RealmCollection.html#/s:10RealmSwift0A10CollectionPAAE9sectioned2by9ascendingAA16SectionedResultsVyqd__7ElementQzGs7KeyPathCyAJqd__G_SbtAA12_PersistableRd__SHRd__So13RLMObjectBaseCRbd_0_AA14ThreadConfinedRd_0_AA10ProjectionCyqd_0_GAJRBr0_lF
479,sectioned(by:sortDescriptors:),Method,Protocols/RealmCollection.html#/s:10RealmSwift0A10CollectionPAAE9sectioned2by15sortDescriptorsAA16SectionedResultsVyqd__7ElementQzGs7KeyPathCyAJqd__G_SayAA14SortDescriptorVGtAA12_PersistableRd__SHRd__So13RLMObjectBaseCRbd_0_AA14ThreadConfinedRd_0_AA10ProjectionCyqd_0_GAJRBr0_lF
480,sectioned(by:sortDescriptors:),Method,Protocols/RealmCollection.html#/s:10RealmSwift0A10CollectionPAAE9sectioned2by15sortDescriptorsAA16SectionedResultsVyqd__7ElementQzGqd__AJc_SayAA14SortDescriptorVGtAA12_PersistableRd__SHRd__So13RLMObjectBaseCRbd_0_AA14ThreadConfinedRd_0_AA10ProjectionCyqd_0_GAJRBr0_lF
481,objectWillChange,Property,Protocols/RealmCollection.html#/s:10RealmSwift0A10CollectionPA2A0A12SubscribableRzrlE16objectWillChangeAA0A10PublishersO0fG0Vy_xGvp
482,collectionPublisher,Property,Protocols/RealmCollection.html#/s:10RealmSwift0A10CollectionPA2A0A12SubscribableRzrlE19collectionPublisherAA0A10PublishersO5ValueVy_xGvp
483,collectionPublisher(keyPaths:),Method,Protocols/RealmCollection.html#/s:10RealmSwift0A10CollectionPA2A0A12SubscribableRzrlE19collectionPublisher8keyPathsAA0A10PublishersO5ValueVy_xGSaySSGSg_tF
484,changesetPublisher,Property,Protocols/RealmCollection.html#/s:10RealmSwift0A10CollectionPA2A0A12SubscribableRzrlE18changesetPublisherAA0A10PublishersO0C9ChangesetVy_xGvp
485,changesetPublisher(keyPaths:),Method,Protocols/RealmCollection.html#/s:10RealmSwift0A10CollectionPA2A0A12SubscribableRzrlE18changesetPublisher8keyPathsAA0A10PublishersO0C9ChangesetVy_xGSaySSGSg_tF
486,encode(to:),Method,Protocols/RealmCollection.html#/s:10RealmSwift0A10CollectionPAASE7ElementRpzrlE6encode2toys7Encoder_p_tKF
487,min(of:),Method,Protocols/RealmCollection.html#/s:10RealmSwift0A10CollectionPAASo13RLMObjectBaseC7ElementRczrlE3min2ofqd__Sgs7KeyPathCyAGqd__G_tAA17_HasPersistedTypeRd__AA06MinMaxM00lM0Rpd__lF
488,max(of:),Method,Protocols/RealmCollection.html#/s:10RealmSwift0A10CollectionPAASo13RLMObjectBaseC7ElementRczrlE3max2ofqd__Sgs7KeyPathCyAGqd__G_tAA17_HasPersistedTypeRd__AA06MinMaxM00lM0Rpd__lF
489,sum(of:),Method,Protocols/RealmCollection.html#/s:10RealmSwift0A10CollectionPAASo13RLMObjectBaseC7ElementRczrlE3sum2ofqd__s7KeyPathCyAGqd__G_tAA17_HasPersistedTypeRd__AA07AddableM00lM0Rpd__lF
490,average(of:),Method,Protocols/RealmCollection.html#/s:10RealmSwift0A10CollectionPAASo13RLMObjectBaseC7ElementRczrlE7average2ofqd__Sgs7KeyPathCyAGqd__G_tAA17_HasPersistedTypeRd__AA07AddableM00lM0Rpd__lF
491,sectioned(by:ascending:),Method,Protocols/RealmCollection.html#/s:10RealmSwift0A10CollectionPAASo13RLMObjectBaseC7ElementRczrlE9sectioned2by9ascendingAA16SectionedResultsVyqd__AGGs7KeyPathCyAGqd__G_SbtAA12_PersistableRd__SHRd__lF
492,sectioned(by:sortDescriptors:),Method,Protocols/RealmCollection.html#/s:10RealmSwift0A10CollectionPAASo13RLMObjectBaseC7ElementRczrlE9sectioned2by15sortDescriptorsAA16SectionedResultsVyqd__AGGs7KeyPathCyAGqd__G_SayAA14SortDescriptorVGtAA12_PersistableRd__SHRd__lF
493,sectioned(by:sortDescriptors:),Method,Protocols/RealmCollection.html#/s:10RealmSwift0A10CollectionPAASo13RLMObjectBaseC7ElementRczrlE9sectioned2by15sortDescriptorsAA16SectionedResultsVyqd__AGGqd__AGc_SayAA14SortDescriptorVGtAA12_PersistableRd__SHRd__lF
494,min(),Method,Protocols/RealmCollection.html#/s:10RealmSwift0A10CollectionPA2A10MinMaxType7Element_09PersistedF0RPzrlE3minAEQzSgyF
495,max(),Method,Protocols/RealmCollection.html#/s:10RealmSwift0A10CollectionPA2A10MinMaxType7Element_09PersistedF0RPzrlE3maxAEQzSgyF
496,sum(),Method,Protocols/RealmCollection.html#/s:10RealmSwift0A10CollectionPA2A11AddableType7Element_09PersistedE0RPzrlE3sumAEQzyF
497,average(),Method,Protocols/RealmCollection.html#/s:10RealmSwift0A10CollectionPA2A11AddableType7Element_09PersistedE0RPzrlE7averageqd__SgyAA04_HasgE0Rd__AadFRpd__lF
498,sorted(byKeyPath:ascending:),Method,Protocols/RealmCollection.html#/s:10RealmSwift0A10CollectionPA2A15KeypathSortable7ElementRpzrlE6sorted9byKeyPath9ascendingAA7ResultsVyAFGSS_SbtF
499,sorted(by:ascending:),Method,Protocols/RealmCollection.html#/s:10RealmSwift0A10CollectionPA2A15KeypathSortable7ElementRpzrlE6sorted2by9ascendingAA7ResultsVyAFGs7KeyPathCyAFqd__G_SbtAA17_HasPersistedTypeRd__So13RLMObjectBaseCAFRBAA0eO00nO0Rpd__lF
500,distinct(by:),Method,Protocols/RealmCollection.html#/s:10RealmSwift0A10CollectionPA2A15KeypathSortable7ElementRpzrlE8distinct2byAA7ResultsVyAFGqd___tSTRd__So13RLMObjectBaseCAFRBs14PartialKeyPathCyAFGAERtd__lF
501,sorted(ascending:),Method,Protocols/RealmCollection.html#/s:10RealmSwift0A10CollectionPA2A12SortableType7Element_09PersistedE0RPzrlE6sorted9ascendingAA7ResultsVyAEQzGSb_tF
502,distinct(),Method,Protocols/RealmCollection.html#/s:10RealmSwift0A10CollectionPA2A12SortableType7Element_09PersistedE0RPzrlE8distinctAA7ResultsVyAEQzGyF
503,observe(keyPaths:on:_:),Method,Protocols/RealmCollection.html#/s:10RealmSwift0A10CollectionPAASo13RLMObjectBaseC7ElementRczrlE7observe8keyPaths2on_So20RLMNotificationTokenCSays14PartialKeyPathCyAGGG_So17OS_dispatch_queueCSgyAA0aC6ChangeOyxGctF
504,observe(keyPaths:on:_isolation:_:),Method,Protocols/RealmCollection.html#/s:10RealmSwift0A10CollectionPAASo13RLMObjectBaseC7ElementRczrlE7observe8keyPaths2on10_isolation_So20RLMNotificationTokenCSays14PartialKeyPathCyAGGG_qd__ScA_pSgYiyqd__Yi_AA0aC6ChangeOyxGtYbctYaScARd__lF
505,id,Property,Protocols/ObjectKeyIdentifiable.html#/s:10RealmSwift21ObjectKeyIdentifiableP2ids6UInt64Vvp
506,id,Property,Protocols/ObjectKeyIdentifiable.html#/s:10RealmSwift21ObjectKeyIdentifiablePAASo13RLMObjectBaseCRbzrlE2ids6UInt64Vvp
507,makeIterator(),Method,Protocols/_RLMCollectionIterator.html#/s:10RealmSwift22_RLMCollectionIteratorP04makeD0AA0cD0VyF
508,_RLMCollectionIterator,Protocol,Protocols/_RLMCollectionIterator.html
509,_RLMDictionaryIterator,Protocol,Protocols.html#/s:10RealmSwift22_RLMDictionaryIteratorP
510,ObjectKeyIdentifiable,Protocol,Protocols/ObjectKeyIdentifiable.html
511,RealmSubscribable,Protocol,Protocols.html#/s:10RealmSwift0A12SubscribableP
512,RealmCollection,Protocol,Protocols/RealmCollection.html
513,RealmKeyedCollection,Protocol,Protocols/RealmKeyedCollection.html
514,CustomPersistable,Protocol,Protocols/CustomPersistable.html
515,FailableCustomPersistable,Protocol,Protocols/FailableCustomPersistable.html
516,_ObjcBridgeable,Protocol,Protocols/_ObjcBridgeable.html
517,_PossiblyAggregateable,Protocol,Protocols/_PossiblyAggregateable.html
518,_HasPersistedType,Protocol,Protocols/_HasPersistedType.html
519,_Persistable,Protocol,Protocols/_Persistable.html
520,_PersistableInsideOptional,Protocol,Protocols/_PersistableInsideOptional.html
521,_DefaultConstructible,Protocol,Protocols/_DefaultConstructible.html
522,OptionalProtocol,Protocol,Protocols/OptionalProtocol.html
523,_RealmSchemaDiscoverable,Protocol,Protocols/_RealmSchemaDiscoverable.html
524,RealmEnum,Protocol,Protocols.html#/s:10RealmSwift0A4EnumP
525,RealmOptionalType,Protocol,Protocols.html#/s:10RealmSwift0A12OptionalTypeP
526,PersistableEnum,Protocol,Protocols.html#/s:10RealmSwift15PersistableEnumP
527,_Indexable,Protocol,Protocols.html#/s:10RealmSwift10_IndexableP
528,_PrimaryKey,Protocol,Protocols.html#/s:10RealmSwift11_PrimaryKeyP
529,ProjectionObservable,Protocol,Protocols/ProjectionObservable.html
530,_QueryNumeric,Protocol,Protocols.html#/s:10RealmSwift13_QueryNumericP
531,_QueryString,Protocol,Protocols.html#/s:10RealmSwift12_QueryStringP
532,_QueryBinary,Protocol,Protocols.html#/s:10RealmSwift12_QueryBinaryP
533,RealmFetchable,Protocol,Protocols.html#/s:10RealmSwift0A9FetchableP
534,RealmCollectionValue,Protocol,Protocols.html#/s:10RealmSwift0A15CollectionValueP
535,RealmPropertyType,Protocol,Protocols.html#/s:10RealmSwift0A12PropertyTypeP
536,MinMaxType,Protocol,Protocols.html#/s:10RealmSwift10MinMaxTypeP
537,AddableType,Protocol,Protocols.html#/s:10RealmSwift11AddableTypeP
538,SortableType,Protocol,Protocols.html#/s:10RealmSwift12SortableTypeP
539,KeypathSortable,Protocol,Protocols.html#/s:10RealmSwift15KeypathSortableP
540,RealmSectionedResult,Protocol,Protocols/RealmSectionedResult.html
541,_ObservedResultsValue,Protocol,Protocols.html#/s:10RealmSwift21_ObservedResultsValueP
542,ThreadConfined,Protocol,Protocols/ThreadConfined.html
543,valuePublisher(_:keyPaths:),Function,Functions.html#/s:10RealmSwift14valuePublisher_8keyPathsAA0A10PublishersO5ValueVy_xGx_SaySSGSgtSo0aB6ObjectCRbzlF
544,valuePublisher(_:keyPaths:),Function,Functions.html#/s:10RealmSwift14valuePublisher_8keyPathsAA0A10PublishersO5ValueVy_xGx_SaySSGSgtAA0A10CollectionRzAA0A12SubscribableRzlF
545,valuePublisher(_:keyPaths:),Function,Functions.html#/s:10RealmSwift14valuePublisher_8keyPathsAA0A10PublishersO5ValueVy_xGx_SaySSGSgtAA20ProjectionObservableRzAA0A12SubscribableRzlF
546,changesetPublisher(_:keyPaths:),Function,Functions.html#/s:10RealmSwift18changesetPublisher_8keyPathsAA0A10PublishersO15ObjectChangesetVy_xGx_SaySSGSgtSo0abH0CRbzlF
547,changesetPublisher(_:keyPaths:),Function,Functions.html#/s:10RealmSwift18changesetPublisher_8keyPathsAA0A10PublishersO15ObjectChangesetVy_xGx_SaySSGSgtAA20ProjectionObservableRzlF
548,changesetPublisher(_:keyPaths:),Function,Functions.html#/s:10RealmSwift18changesetPublisher_8keyPathsAA0A10PublishersO19CollectionChangesetVy_xGx_SaySSGSgtAA0aH0RzlF
549,_name(for:),Function,Functions.html#/s:10RealmSwift5_name3forSSs14PartialKeyPathCyxG_tSo13RLMObjectBaseCRbzlF
550,_name(for:),Function,Functions.html#/s:10RealmSwift5_name3forSSs14PartialKeyPathCyq_G_tSo13RLMObjectBaseCRbzAA0A15CollectionValueRzAA14ThreadConfinedRzAA10ProjectionCyxGRb_r0_lF
551,schemaVersionAtURL(_:encryptionKey:),Function,Functions.html#/s:10RealmSwift18schemaVersionAtURL_13encryptionKeys6UInt64V10Foundation0F0V_AF4DataVSgtKF
552,searchable(text:collection:keyPath:placement:prompt:),Method,Extensions/View.html#/s:7SwiftUI4ViewP05RealmA0E10searchable4text10collection7keyPath9placement6promptQrAA7BindingVySSG_AD15ObservedResultsVyqd__Gs03KeyI0Cyqd__SSGAA20SearchFieldPlacementVAA4TextVSgtSo13RLMObjectBaseCRbd__AD0D9FetchableRd__AD01_mN5ValueRd__s12IdentifiableRd__lF
553,searchable(text:collection:keyPath:placement:prompt:),Method,Extensions/View.html#/s:7SwiftUI4ViewP05RealmA0E10searchable4text10collection7keyPath9placement6promptQrAA7BindingVySSG_AD15ObservedResultsVyqd__Gs03KeyI0Cyqd__SSGAA20SearchFieldPlacementVAA015LocalizedStringO0VtSo13RLMObjectBaseCRbd__AD0D9FetchableRd__AD01_mN5ValueRd__s12IdentifiableRd__lF
554,searchable(text:collection:keyPath:placement:prompt:),Method,Extensions/View.html#/s:7SwiftUI4ViewP05RealmA0E10searchable4text10collection7keyPath9placement6promptQrAA7BindingVySSG_AD15ObservedResultsVyqd__Gs03KeyI0Cyqd__SSGAA20SearchFieldPlacementVqd_0_tSo13RLMObjectBaseCRbd__AD0D9FetchableRd__AD01_mN5ValueRd__s12IdentifiableRd__SyRd_0_r0_lF
555,searchable(text:collection:keyPath:placement:prompt:suggestions:),Method,Extensions/View.html#/s:7SwiftUI4ViewP05RealmA0E10searchable4text10collection7keyPath9placement6prompt11suggestionsQrAA7BindingVySSG_AD15ObservedResultsVyqd__Gs03KeyI0Cyqd__SSGAA20SearchFieldPlacementVAA4TextVSgqd_0_yXEtSo13RLMObjectBaseCRbd__AD0D9FetchableRd__AD01_nO5ValueRd__s12IdentifiableRd__AaBRd_0_r0_lF
556,searchable(text:collection:keyPath:placement:prompt:suggestions:),Method,Extensions/View.html#/s:7SwiftUI4ViewP05RealmA0E10searchable4text10collection7keyPath9placement6prompt11suggestionsQrAA7BindingVySSG_AD15ObservedResultsVyqd__Gs03KeyI0Cyqd__SSGAA20SearchFieldPlacementVAA015LocalizedStringP0Vqd_0_yXEtSo13RLMObjectBaseCRbd__AD0D9FetchableRd__AD01_nO5ValueRd__s12IdentifiableRd__AaBRd_0_r0_lF
557,searchable(text:collection:keyPath:placement:prompt:suggestions:),Method,Extensions/View.html#/s:7SwiftUI4ViewP05RealmA0E10searchable4text10collection7keyPath9placement6prompt11suggestionsQrAA7BindingVySSG_AD15ObservedResultsVyqd__Gs03KeyI0Cyqd__SSGAA20SearchFieldPlacementVqd_1_qd_0_yXEtSo13RLMObjectBaseCRbd__AD0D9FetchableRd__AD01_nO5ValueRd__s12IdentifiableRd__AaBRd_0_SyRd_1_r1_lF
558,searchable(text:collection:keyPath:placement:prompt:),Method,Extensions/View.html#/s:7SwiftUI4ViewP05RealmA0E10searchable4text10collection7keyPath9placement6promptQrAA7BindingVySSG_AD24ObservedSectionedResultsVyqd__qd_0_Gs03KeyI0Cyqd_0_SSGAA20SearchFieldPlacementVAA4TextVSgtAD12_PersistableRd__SHRd__So13RLMObjectBaseCRbd_0_AD0D9FetchableRd_0_AD01_mO5ValueRd_0_s12IdentifiableRd_0_r0_lF
559,searchable(text:collection:keyPath:placement:prompt:),Method,Extensions/View.html#/s:7SwiftUI4ViewP05RealmA0E10searchable4text10collection7keyPath9placement6promptQrAA7BindingVySSG_AD24ObservedSectionedResultsVyqd__qd_0_Gs03KeyI0Cyqd_0_SSGAA20SearchFieldPlacementVAA015LocalizedStringP0VtAD12_PersistableRd__SHRd__So13RLMObjectBaseCRbd_0_AD0D9FetchableRd_0_AD01_mO5ValueRd_0_s12IdentifiableRd_0_r0_lF
560,searchable(text:collection:keyPath:placement:prompt:),Method,Extensions/View.html#/s:7SwiftUI4ViewP05RealmA0E10searchable4text10collection7keyPath9placement6promptQrAA7BindingVySSG_AD24ObservedSectionedResultsVyqd__qd_0_Gs03KeyI0Cyqd_0_SSGAA20SearchFieldPlacementVqd_1_tAD12_PersistableRd__SHRd__So13RLMObjectBaseCRbd_0_AD0D9FetchableRd_0_AD01_mO5ValueRd_0_s12IdentifiableRd_0_SyRd_1_r1_lF
561,searchable(text:collection:keyPath:placement:prompt:suggestions:),Method,Extensions/View.html#/s:7SwiftUI4ViewP05RealmA0E10searchable4text10collection7keyPath9placement6prompt11suggestionsQrAA7BindingVySSG_AD24ObservedSectionedResultsVyqd__qd_0_Gs03KeyI0Cyqd_0_SSGAA20SearchFieldPlacementVAA4TextVSgqd_1_yXEtAD12_PersistableRd__SHRd__So13RLMObjectBaseCRbd_0_AD0D9FetchableRd_0_AD01_nP5ValueRd_0_s12IdentifiableRd_0_AaBRd_1_r1_lF
562,searchable(text:collection:keyPath:placement:prompt:suggestions:),Method,Extensions/View.html#/s:7SwiftUI4ViewP05RealmA0E10searchable4text10collection7keyPath9placement6prompt11suggestionsQrAA7BindingVySSG_AD24ObservedSectionedResultsVyqd__qd_0_Gs03KeyI0Cyqd_0_SSGAA20SearchFieldPlacementVAA015LocalizedStringQ0Vqd_1_yXEtAD12_PersistableRd__SHRd__So13RLMObjectBaseCRbd_0_AD0D9FetchableRd_0_AD01_nP5ValueRd_0_s12IdentifiableRd_0_AaBRd_1_r1_lF
563,searchable(text:collection:keyPath:placement:prompt:suggestions:),Method,Extensions/View.html#/s:7SwiftUI4ViewP05RealmA0E10searchable4text10collection7keyPath9placement6prompt11suggestionsQrAA7BindingVySSG_AD24ObservedSectionedResultsVyqd__qd_0_Gs03KeyI0Cyqd_0_SSGAA20SearchFieldPlacementVqd_2_qd_1_yXEtAD12_PersistableRd__SHRd__So13RLMObjectBaseCRbd_0_AD0D9FetchableRd_0_AD01_nP5ValueRd_0_s12IdentifiableRd_0_AaBRd_1_SyRd_2_r2_lF
564,realmConfiguration,Property,Extensions/EnvironmentValues.html#/s:7SwiftUI17EnvironmentValuesV05RealmA0E18realmConfigurationAD0E0V0G0Vvp
565,realm,Property,Extensions/EnvironmentValues.html#/s:7SwiftUI17EnvironmentValuesV05RealmA0E5realmAD0E0Vvp
566,observe(keyPaths:on:_:),Method,Extensions/RealmSectionedResult.html#/observe(keyPaths:on:_:)
567,oldSchema,Property,Extensions/Migration.html#/s:So12RLMMigrationC10RealmSwiftE9oldSchemaAC0E0Vvp
568,newSchema,Property,Extensions/Migration.html#/s:So12RLMMigrationC10RealmSwiftE9newSchemaAC0E0Vvp
569,enumerateObjects(ofType:_:),Method,Extensions/Migration.html#/s:So12RLMMigrationC10RealmSwiftE16enumerateObjects6ofType_ySS_yAC13DynamicObjectCSg_AHtXEtF
570,create(_:value:),Method,Extensions/Migration.html#/s:So12RLMMigrationC10RealmSwiftE6create_5valueAC13DynamicObjectCSS_yptF
571,delete(_:),Method,Extensions/Migration.html#/s:So12RLMMigrationC10RealmSwiftE6deleteyyAC13DynamicObjectCF
572,deleteData(forType:),Method,Extensions/Migration.html#/s:So12RLMMigrationC10RealmSwiftE10deleteData7forTypeSbSS_tF
573,renameProperty(onType:from:to:),Method,Extensions/Migration.html#/s:So12RLMMigrationC10RealmSwiftE14renameProperty6onType4from2toySS_S2StF
574,==(_:_:),Method,Extensions/RLMSwiftCollectionBase.html#/s:SQ2eeoiySbx_xtFZ
575,PersistedType,Alias,Extensions/NSNumber.html#/s:So8NSNumberC10RealmSwiftE13PersistedTypea
576,_rlmType,Variable,Extensions/RawRepresentable.html#/s:SY10RealmSwiftAA01_A18SchemaDiscoverable8RawValueRpzrlE8_rlmTypeSo011RLMPropertyH0VvpZ
577,_rlmOptional,Variable,Extensions/RawRepresentable.html#/s:SY10RealmSwiftAA01_A18SchemaDiscoverable8RawValueRpzrlE12_rlmOptionalSbvpZ
578,_rlmRequireObjc,Variable,Extensions/RawRepresentable.html#/s:SY10RealmSwiftAA01_A18SchemaDiscoverable8RawValueRpzrlE15_rlmRequireObjcSbvpZ
579,_rlmPopulateProperty(_:),Method,Extensions/RawRepresentable.html#/s:SY10RealmSwiftAA01_A18SchemaDiscoverable8RawValueRpzrlE20_rlmPopulatePropertyyySo11RLMPropertyCF
580,_rlmPopulateProperty(_:),Method,Extensions/RawRepresentable.html#/s:SY10RealmSwiftAA01_A18SchemaDiscoverable8RawValueRpzrlE20_rlmPopulatePropertyyySo11RLMPropertyCFZ
581,PersistedType,Alias,Extensions/RawRepresentable.html#/s:SY10RealmSwiftAA26_PersistableInsideOptionalRzAaB8RawValueSYRpzrlE13PersistedTypea
582,_rlmGetProperty(_:_:),Method,Extensions/RawRepresentable.html#/s:SY10RealmSwiftAA26_PersistableInsideOptionalRzAaB8RawValueSYRpzrlE15_rlmGetPropertyyxSo13RLMObjectBaseC_s6UInt16VtFZ
583,_rlmGetPropertyOptional(_:_:),Method,Extensions/RawRepresentable.html#/s:SY10RealmSwiftAA26_PersistableInsideOptionalRzAaB8RawValueSYRpzrlE015_rlmGetPropertyE0yxSgSo13RLMObjectBaseC_s6UInt16VtFZ
584,_rlmSetProperty(_:_:_:),Method,Extensions/RawRepresentable.html#/s:SY10RealmSwiftAA26_PersistableInsideOptionalRzAaB8RawValueSYRpzrlE15_rlmSetPropertyyySo13RLMObjectBaseC_s6UInt16VxtFZ
585,_rlmSetAccessor(_:),Method,Extensions/RawRepresentable.html#/s:SY10RealmSwiftAA26_PersistableInsideOptionalRzAaB8RawValueSYRpzrlE15_rlmSetAccessoryySo11RLMPropertyCFZ
586,_rlmInferWrappedType(),Method,Extensions/Optional.html#/s:Sq10RealmSwiftE20_rlmInferWrappedTypexyF
587,_rlmType,Variable,Extensions/Optional.html#/s:Sq10RealmSwiftAA01_A18SchemaDiscoverableRzlE8_rlmTypeSo011RLMPropertyF0VvpZ
588,_rlmOptional,Variable,Extensions/Optional.html#/s:Sq10RealmSwiftAA01_A18SchemaDiscoverableRzlE12_rlmOptionalSbvpZ
589,_rlmPopulateProperty(_:),Method,Extensions/Optional.html#/s:Sq10RealmSwiftAA01_A18SchemaDiscoverableRzlE20_rlmPopulatePropertyyySo11RLMPropertyCFZ
590,PersistedType,Alias,Extensions/Optional.html#/s:Sq10RealmSwiftAA17_HasPersistedTypeRzlE0dE0a
591,_rlmDefaultValue(),Method,Extensions/Optional.html#/s:Sq10RealmSwiftAA26_PersistableInsideOptionalRzlE16_rlmDefaultValuexSgyFZ
592,_rlmGetProperty(_:_:),Method,Extensions/Optional.html#/s:Sq10RealmSwiftAA26_PersistableInsideOptionalRzlE15_rlmGetPropertyyxSgSo13RLMObjectBaseC_s6UInt16VtFZ
593,_rlmSetProperty(_:_:_:),Method,Extensions/Optional.html#/s:Sq10RealmSwiftAA26_PersistableInsideOptionalRzlE15_rlmSetPropertyyySo13RLMObjectBaseC_s6UInt16VxSgtFZ
594,_rlmSetAccessor(_:),Method,Extensions/Optional.html#/s:Sq10RealmSwiftAA26_PersistableInsideOptionalRzlE15_rlmSetAccessoryySo11RLMPropertyCFZ
595,_rlmFromObjc(_:),Method,Extensions/Optional.html#/s:Sq10RealmSwiftAA15_ObjcBridgeableRzlE08_rlmFromC0yxSgSgypFZ
596,_rlmObjcValue,Property,Extensions/Optional.html#/s:Sq10RealmSwiftAA15_ObjcBridgeableRzlE04_rlmC5Valueypvp
597,_rlmDefaultValue(),Method,Extensions/Optional.html#/s:10RealmSwift0A15CollectionValueP011_rlmDefaultD0xyFZ
598,_rlmType,Variable,Extensions/NSDate.html#/s:So6NSDateC10RealmSwiftE8_rlmTypeSo011RLMPropertyE0VvpZ
599,PersistedType,Alias,Extensions/NSDate.html#/s:So6NSDateC10RealmSwiftE13PersistedTypea
600,_rlmType,Variable,Extensions/NSData.html#/s:So6NSDataC10RealmSwiftE8_rlmTypeSo011RLMPropertyE0VvpZ
601,_rlmType,Variable,Extensions/NSString.html#/s:So8NSStringC10RealmSwiftE8_rlmTypeSo011RLMPropertyE0VvpZ
602,_rlmType,Variable,Extensions/UUID.html#/s:10Foundation4UUIDV10RealmSwiftE8_rlmTypeSo011RLMPropertyF0VvpZ
603,PersistedType,Alias,Extensions/UUID.html#/s:10Foundation4UUIDV10RealmSwiftE13PersistedTypea
604,_rlmGetProperty(_:_:),Method,Extensions/UUID.html#/s:10Foundation4UUIDV10RealmSwiftE15_rlmGetPropertyyACSo13RLMObjectBaseC_s6UInt16VtFZ
605,_rlmGetPropertyOptional(_:_:),Method,Extensions/UUID.html#/s:10Foundation4UUIDV10RealmSwiftE23_rlmGetPropertyOptionalyACSgSo13RLMObjectBaseC_s6UInt16VtFZ
606,_rlmSetProperty(_:_:_:),Method,Extensions/UUID.html#/s:10Foundation4UUIDV10RealmSwiftE15_rlmSetPropertyyySo13RLMObjectBaseC_s6UInt16VACtFZ
607,_rlmType,Variable,Extensions/Date.html#/s:10Foundation4DateV10RealmSwiftE8_rlmTypeSo011RLMPropertyF0VvpZ
608,PersistedType,Alias,Extensions/Date.html#/s:10Foundation4DateV10RealmSwiftE13PersistedTypea
609,_rlmGetProperty(_:_:),Method,Extensions/Date.html#/s:10Foundation4DateV10RealmSwiftE15_rlmGetPropertyyACSo13RLMObjectBaseC_s6UInt16VtFZ
610,_rlmGetPropertyOptional(_:_:),Method,Extensions/Date.html#/s:10Foundation4DateV10RealmSwiftE23_rlmGetPropertyOptionalyACSgSo13RLMObjectBaseC_s6UInt16VtFZ
611,_rlmSetProperty(_:_:_:),Method,Extensions/Date.html#/s:10Foundation4DateV10RealmSwiftE15_rlmSetPropertyyySo13RLMObjectBaseC_s6UInt16VACtFZ
612,_rlmType,Variable,Extensions/Data.html#/s:10Foundation4DataV10RealmSwiftE8_rlmTypeSo011RLMPropertyF0VvpZ
613,PersistedType,Alias,Extensions/Data.html#/s:10Foundation4DataV10RealmSwiftE13PersistedTypea
614,_rlmGetProperty(_:_:),Method,Extensions/Data.html#/s:10Foundation4DataV10RealmSwiftE15_rlmGetPropertyyACSo13RLMObjectBaseC_s6UInt16VtFZ
615,_rlmGetPropertyOptional(_:_:),Method,Extensions/Data.html#/s:10Foundation4DataV10RealmSwiftE23_rlmGetPropertyOptionalyACSgSo13RLMObjectBaseC_s6UInt16VtFZ
616,_rlmSetProperty(_:_:_:),Method,Extensions/Data.html#/s:10Foundation4DataV10RealmSwiftE15_rlmSetPropertyyySo13RLMObjectBaseC_s6UInt16VACtFZ
617,_rlmType,Variable,Extensions/String.html#/s:SS10RealmSwiftE8_rlmTypeSo011RLMPropertyD0VvpZ
618,PersistedType,Alias,Extensions/String.html#/s:SS10RealmSwiftE13PersistedTypea
619,_rlmGetProperty(_:_:),Method,Extensions/String.html#/s:SS10RealmSwiftE15_rlmGetPropertyySSSo13RLMObjectBaseC_s6UInt16VtFZ
620,_rlmGetPropertyOptional(_:_:),Method,Extensions/String.html#/s:SS10RealmSwiftE23_rlmGetPropertyOptionalySSSgSo13RLMObjectBaseC_s6UInt16VtFZ
621,_rlmSetProperty(_:_:_:),Method,Extensions/String.html#/s:SS10RealmSwiftE15_rlmSetPropertyyySo13RLMObjectBaseC_s6UInt16VSStFZ
622,_rlmType,Variable,Extensions/Double.html#/s:Sd10RealmSwiftE8_rlmTypeSo011RLMPropertyD0VvpZ
623,PersistedType,Alias,Extensions/Double.html#/s:Sd10RealmSwiftE13PersistedTypea
624,_rlmGetProperty(_:_:),Method,Extensions/Double.html#/s:Sd10RealmSwiftE15_rlmGetPropertyySdSo13RLMObjectBaseC_s6UInt16VtFZ
625,_rlmGetPropertyOptional(_:_:),Method,Extensions/Double.html#/s:Sd10RealmSwiftE23_rlmGetPropertyOptionalySdSgSo13RLMObjectBaseC_s6UInt16VtFZ
626,_rlmSetProperty(_:_:_:),Method,Extensions/Double.html#/s:Sd10RealmSwiftE15_rlmSetPropertyyySo13RLMObjectBaseC_s6UInt16VSdtFZ
627,_rlmType,Variable,Extensions/Float.html#/s:Sf10RealmSwiftE8_rlmTypeSo011RLMPropertyD0VvpZ
628,PersistedType,Alias,Extensions/Float.html#/s:Sf10RealmSwiftE13PersistedTypea
629,_rlmGetProperty(_:_:),Method,Extensions/Float.html#/s:Sf10RealmSwiftE15_rlmGetPropertyySfSo13RLMObjectBaseC_s6UInt16VtFZ
630,_rlmGetPropertyOptional(_:_:),Method,Extensions/Float.html#/s:Sf10RealmSwiftE23_rlmGetPropertyOptionalySfSgSo13RLMObjectBaseC_s6UInt16VtFZ
631,_rlmSetProperty(_:_:_:),Method,Extensions/Float.html#/s:Sf10RealmSwiftE15_rlmSetPropertyyySo13RLMObjectBaseC_s6UInt16VSftFZ
632,_rlmFromObjc(_:),Method,Extensions/Float.html#/s:Sf10RealmSwiftE12_rlmFromObjcySfSgypFZ
633,_rlmObjcValue,Property,Extensions/Float.html#/s:Sf10RealmSwiftE13_rlmObjcValueypvp
634,_rlmType,Variable,Extensions/Bool.html#/s:Sb10RealmSwiftE8_rlmTypeSo011RLMPropertyD0VvpZ
635,PersistedType,Alias,Extensions/Bool.html#/s:Sb10RealmSwiftE13PersistedTypea
636,_rlmGetProperty(_:_:),Method,Extensions/Bool.html#/s:Sb10RealmSwiftE15_rlmGetPropertyySbSo13RLMObjectBaseC_s6UInt16VtFZ
637,_rlmGetPropertyOptional(_:_:),Method,Extensions/Bool.html#/s:Sb10RealmSwiftE23_rlmGetPropertyOptionalySbSgSo13RLMObjectBaseC_s6UInt16VtFZ
638,_rlmSetProperty(_:_:_:),Method,Extensions/Bool.html#/s:Sb10RealmSwiftE15_rlmSetPropertyyySo13RLMObjectBaseC_s6UInt16VSbtFZ
639,_rlmType,Variable,Extensions/Int64.html#/s:s5Int64V10RealmSwiftE8_rlmTypeSo011RLMPropertyE0VvpZ
640,PersistedType,Alias,Extensions/Int64.html#/s:s5Int64V10RealmSwiftE13PersistedTypea
641,_rlmFromObjc(_:),Method,Extensions/Int64.html#/s:s5Int64V10RealmSwiftE12_rlmFromObjcyABSgypFZ
642,_rlmObjcValue,Property,Extensions/Int64.html#/s:s5Int64V10RealmSwiftE13_rlmObjcValueypvp
643,_rlmType,Variable,Extensions/Int32.html#/s:s5Int32V10RealmSwiftE8_rlmTypeSo011RLMPropertyE0VvpZ
644,PersistedType,Alias,Extensions/Int32.html#/s:s5Int32V10RealmSwiftE13PersistedTypea
645,_rlmFromObjc(_:),Method,Extensions/Int32.html#/s:s5Int32V10RealmSwiftE12_rlmFromObjcyABSgypFZ
646,_rlmObjcValue,Property,Extensions/Int32.html#/s:s5Int32V10RealmSwiftE13_rlmObjcValueypvp
647,_rlmType,Variable,Extensions/Int16.html#/s:s5Int16V10RealmSwiftE8_rlmTypeSo011RLMPropertyE0VvpZ
648,PersistedType,Alias,Extensions/Int16.html#/s:s5Int16V10RealmSwiftE13PersistedTypea
649,_rlmFromObjc(_:),Method,Extensions/Int16.html#/s:s5Int16V10RealmSwiftE12_rlmFromObjcyABSgypFZ
650,_rlmObjcValue,Property,Extensions/Int16.html#/s:s5Int16V10RealmSwiftE13_rlmObjcValueypvp
651,_rlmType,Variable,Extensions/Int8.html#/s:s4Int8V10RealmSwiftE8_rlmTypeSo011RLMPropertyE0VvpZ
652,PersistedType,Alias,Extensions/Int8.html#/s:s4Int8V10RealmSwiftE13PersistedTypea
653,_rlmFromObjc(_:),Method,Extensions/Int8.html#/s:s4Int8V10RealmSwiftE12_rlmFromObjcyABSgypFZ
654,_rlmObjcValue,Property,Extensions/Int8.html#/s:s4Int8V10RealmSwiftE13_rlmObjcValueypvp
655,_rlmType,Variable,Extensions/Int.html#/s:Si10RealmSwiftE8_rlmTypeSo011RLMPropertyD0VvpZ
656,PersistedType,Alias,Extensions/Int.html#/s:Si10RealmSwiftE13PersistedTypea
657,init(center:radiusInRadians:),Method,Extensions/GeoCircle.html#/s:So19RLMGeospatialCircleC10RealmSwiftE6center15radiusInRadiansABSgSd_Sdt_Sdtcfc
658,init(center:radius:),Method,Extensions/GeoCircle.html#/s:So19RLMGeospatialCircleC10RealmSwiftE6center6radiusABSgSd_Sdt_So11RLMDistanceCtcfc
659,init(outerRing:holes:),Method,Extensions/GeoPolygon.html#/s:So20RLMGeospatialPolygonC10RealmSwiftE9outerRing5holesABSgSaySd_SdtG_SayAGGtcfc
660,init(outerRing:holes:),Method,Extensions/GeoPolygon.html#/s:So20RLMGeospatialPolygonC10RealmSwiftE9outerRing5holesABSgSaySd_SdtG_AGdtcfc
661,init(bottomLeft:topRight:),Method,Extensions/GeoBox.html#/s:So16RLMGeospatialBoxC10RealmSwiftE10bottomLeft8topRightABSgSd_Sdt_Sd_Sdttcfc
662,objectWillChange,Property,Extensions/EmbeddedObject.html#/s:So24RealmSwiftEmbeddedObjectC0aB0E16objectWillChangeAC0A10PublishersO0fG0Vy_ABGvp
663,init(value:),Method,Extensions/EmbeddedObject.html#/s:So24RealmSwiftEmbeddedObjectC0aB0E5valueAByp_tcfc
664,realm,Property,Extensions/EmbeddedObject.html#/s:So24RealmSwiftEmbeddedObjectC0aB0E5realmAC0A0VSgvp
665,objectSchema,Property,Extensions/EmbeddedObject.html#/s:So24RealmSwiftEmbeddedObjectC0aB0E12objectSchemaAC0dF0Vvp
666,isInvalidated,Property,Extensions/EmbeddedObject.html#/c:@CM@RealmSwift@@objc(cs)RealmSwiftEmbeddedObject(py)invalidated
667,description,Property,Extensions/EmbeddedObject.html#/c:@CM@RealmSwift@@objc(cs)RealmSwiftEmbeddedObject(py)description
668,ignoredProperties(),Method,Extensions/EmbeddedObject.html#/c:@CM@RealmSwift@@objc(cs)RealmSwiftEmbeddedObject(cm)ignoredProperties
669,propertiesMapping(),Method,Extensions/EmbeddedObject.html#/c:@CM@RealmSwift@@objc(cs)RealmSwiftEmbeddedObject(cm)propertiesMapping
670,subscript(_:),Method,Extensions/EmbeddedObject.html#/s:So24RealmSwiftEmbeddedObjectC0aB0EyypSgSScip
671,observe(on:_:),Method,Extensions/EmbeddedObject.html#/s:So24RealmSwiftEmbeddedObjectC0aB0E7observe2on_So20RLMNotificationTokenCSo17OS_dispatch_queueCSg_yAC0D6ChangeOyxGctSo13RLMObjectBaseCRbzlF
672,observe(keyPaths:on:_isolation:_:),Method,Extensions/EmbeddedObject.html#/s:So24RealmSwiftEmbeddedObjectC0aB0E7observe8keyPaths2on10_isolation_So20RLMNotificationTokenCSaySSGSg_xScA_pSgYiyxYi_AC0D6ChangeOyq_GtYbctYaScARzSo0abD0CRb_r0_lF
673,observe(keyPaths:on:_isolation:_:),Method,Extensions/EmbeddedObject.html#/s:So24RealmSwiftEmbeddedObjectC0aB0E7observe8keyPaths2on10_isolation_So20RLMNotificationTokenCSays14PartialKeyPathCyq_GG_xScA_pSgYiyxYi_AC0D6ChangeOyq_GtYbctYaScARzSo0abD0CRb_r0_lF
674,isSameObject(as:),Method,Extensions/EmbeddedObject.html#/s:So24RealmSwiftEmbeddedObjectC0aB0E06isSameD02asSbABSg_tF
675,isFrozen,Property,Extensions/EmbeddedObject.html#/s:So24RealmSwiftEmbeddedObjectC0aB0E8isFrozenSbvp
676,freeze(),Method,Extensions/EmbeddedObject.html#/s:So24RealmSwiftEmbeddedObjectC0aB0E6freezeABXDyF
677,thaw(),Method,Extensions/EmbeddedObject.html#/s:So24RealmSwiftEmbeddedObjectC0aB0E4thawABXDSgyF
678,PersistedType,Alias,Extensions/EmbeddedObject.html#/s:So24RealmSwiftEmbeddedObjectC0aB0E13PersistedTypea
679,_rlmType,Variable,Extensions/EmbeddedObject.html#/s:So24RealmSwiftEmbeddedObjectC0aB0E8_rlmTypeSo011RLMPropertyF0VvpZ
680,_rlmPopulateProperty(_:),Method,Extensions/EmbeddedObject.html#/s:So24RealmSwiftEmbeddedObjectC0aB0E20_rlmPopulatePropertyyySo11RLMPropertyCFZ
681,_rlmGetProperty(_:_:),Method,Extensions/EmbeddedObject.html#/s:So24RealmSwiftEmbeddedObjectC0aB0E15_rlmGetPropertyyABXDSo13RLMObjectBaseC_s6UInt16VtFZ
682,_rlmGetPropertyOptional(_:_:),Method,Extensions/EmbeddedObject.html#/s:So24RealmSwiftEmbeddedObjectC0aB0E23_rlmGetPropertyOptionalyABXDSgSo13RLMObjectBaseC_s6UInt16VtFZ
683,_rlmSetProperty(_:_:_:),Method,Extensions/EmbeddedObject.html#/s:So24RealmSwiftEmbeddedObjectC0aB0E15_rlmSetPropertyyySo13RLMObjectBaseC_s6UInt16VABtFZ
684,objectWillChange,Property,Extensions/Object.html#/s:So16RealmSwiftObjectC0aB0E16objectWillChangeAC0A10PublishersO0eF0Vy_ABGvp
685,PersistedType,Alias,Extensions/Object.html#/s:So16RealmSwiftObjectC0aB0E13PersistedTypea
686,_rlmType,Variable,Extensions/Object.html#/s:So16RealmSwiftObjectC0aB0E8_rlmTypeSo011RLMPropertyE0VvpZ
687,_rlmPopulateProperty(_:),Method,Extensions/Object.html#/s:So16RealmSwiftObjectC0aB0E20_rlmPopulatePropertyyySo11RLMPropertyCFZ
688,_rlmGetProperty(_:_:),Method,Extensions/Object.html#/s:So16RealmSwiftObjectC0aB0E15_rlmGetPropertyyABXDSo13RLMObjectBaseC_s6UInt16VtFZ
689,_rlmGetPropertyOptional(_:_:),Method,Extensions/Object.html#/s:So16RealmSwiftObjectC0aB0E23_rlmGetPropertyOptionalyABXDSgSo13RLMObjectBaseC_s6UInt16VtFZ
690,_rlmSetProperty(_:_:_:),Method,Extensions/Object.html#/s:So16RealmSwiftObjectC0aB0E15_rlmSetPropertyyySo13RLMObjectBaseC_s6UInt16VABtFZ
691,init(value:),Method,Extensions/Object.html#/s:So16RealmSwiftObjectC0aB0E5valueAByp_tcfc
692,realm,Property,Extensions/Object.html#/s:So16RealmSwiftObjectC0aB0E5realmAC0A0VSgvp
693,objectSchema,Property,Extensions/Object.html#/s:So16RealmSwiftObjectC0aB0E12objectSchemaAC0cE0Vvp
694,isInvalidated,Property,Extensions/Object.html#/c:@CM@RealmSwift@@objc(cs)RealmSwiftObject(py)invalidated
695,description,Property,Extensions/Object.html#/c:@CM@RealmSwift@@objc(cs)RealmSwiftObject(py)description
696,primaryKey(),Method,Extensions/Object.html#/c:@CM@RealmSwift@@objc(cs)RealmSwiftObject(cm)primaryKey
697,ignoredProperties(),Method,Extensions/Object.html#/c:@CM@RealmSwift@@objc(cs)RealmSwiftObject(cm)ignoredProperties
698,indexedProperties(),Method,Extensions/Object.html#/c:@CM@RealmSwift@@objc(cs)RealmSwiftObject(cm)indexedProperties
699,propertiesMapping(),Method,Extensions/Object.html#/c:@CM@RealmSwift@@objc(cs)RealmSwiftObject(cm)propertiesMapping
700,subscript(_:),Method,Extensions/Object.html#/s:So16RealmSwiftObjectC0aB0EyypSgSScip
701,observe(keyPaths:on:_:),Method,Extensions/Object.html#/s:So16RealmSwiftObjectC0aB0E7observe8keyPaths2on_So20RLMNotificationTokenCSaySSGSg_So17OS_dispatch_queueCSgyAC0C6ChangeOyxGctSo13RLMObjectBaseCRbzlF
702,observe(keyPaths:on:_:),Method,Extensions/Object.html#/s:So16RealmSwiftObjectC0aB0E7observe8keyPaths2on_So20RLMNotificationTokenCSays14PartialKeyPathCyxGG_So17OS_dispatch_queueCSgyAC0C6ChangeOyxGctSo13RLMObjectBaseCRbzlF
703,observe(keyPaths:on:_isolation:_:),Method,Extensions/Object.html#/s:So16RealmSwiftObjectC0aB0E7observe8keyPaths2on10_isolation_So20RLMNotificationTokenCSaySSGSg_xScA_pSgYiyxYi_AC0C6ChangeOyq_GtYbctYaScARzABRb_r0_lF
704,observe(keyPaths:on:_isolation:_:),Method,Extensions/Object.html#/s:So16RealmSwiftObjectC0aB0E7observe8keyPaths2on10_isolation_So20RLMNotificationTokenCSays14PartialKeyPathCyq_GG_xScA_pSgYiyxYi_AC0C6ChangeOyq_GtYbctYaScARzABRb_r0_lF
705,isSameObject(as:),Method,Extensions/Object.html#/s:So16RealmSwiftObjectC0aB0E06isSameC02asSbABSg_tF
706,isFrozen,Property,Extensions/Object.html#/s:So16RealmSwiftObjectC0aB0E8isFrozenSbvp
707,freeze(),Method,Extensions/Object.html#/s:So16RealmSwiftObjectC0aB0E6freezeABXDyF
708,thaw(),Method,Extensions/Object.html#/s:So16RealmSwiftObjectC0aB0E4thawABXDSgyF
709,freeze(),Method,Extensions/Publisher.html#/s:7Combine9PublisherP10RealmSwiftE6freezeAA10PublishersO3MapVy_xqd__GyAD14ThreadConfinedRd__6OutputQzRsd__lF
710,freeze(),Method,Extensions/Publisher.html#/s:7Combine9PublisherP10RealmSwiftE6freezeAA10PublishersO3MapVy_xAD12ObjectChangeOyqd__GGySo0cdH0CRbd__AL6OutputRtzlF
711,freeze(),Method,Extensions/Publisher.html#/s:7Combine9PublisherP10RealmSwiftE6freezeAA10PublishersO3MapVy_xAD0C16CollectionChangeOyqd__GGyAD0cH0Rd__AL6OutputRtzlF
712,freeze(),Method,Extensions/Publisher.html#/s:7Combine9PublisherP10RealmSwiftE6freezeAA10PublishersO3MapVy_xAD22SectionedResultsChangeOyqd__GGyAD0cH6ResultRd__AL6OutputRtzlF
713,freeze(),Method,Extensions/Publisher.html#/s:7Combine9PublisherP10RealmSwiftE6freezeAA10PublishersO3MapVy_xAD0cG6ChangeOyqd__GGyAD0C15KeyedCollectionRd__AL6OutputRtzlF
714,freeze(),Method,Extensions/Publisher.html#/s:7Combine9PublisherP10RealmSwiftE6freezeAA10PublishersO3MapVy_xAD12ObjectChangeOyqd__GGyAD20ProjectionObservableRd__AL6OutputRtzlF
715,threadSafeReference(),Method,Extensions/Publisher.html#/s:7Combine9PublisherP10RealmSwiftE19threadSafeReferenceAD0C10PublishersO010MakeThreadF15ObjectChangesetVy_xqd__GySo0cdK0CRbd__AD0K6ChangeOyqd__G6OutputRtzlF
716,threadSafeReference(),Method,Extensions/Publisher.html#/s:7Combine9PublisherP10RealmSwiftE19threadSafeReferenceAD0C10PublishersO010MakeThreadF15ObjectChangesetVy_xqd__GyAD20ProjectionObservableRd__AD0K6ChangeOyqd__G6OutputRtzlF
717,threadSafeReference(),Method,Extensions/Publisher.html#/s:7Combine9PublisherP10RealmSwiftE19threadSafeReferenceAD0C10PublishersO010MakeThreadF19CollectionChangesetVy_xqd__GyAD0cK0Rd__AD0cK6ChangeOyqd__G6OutputRtzlF
718,threadSafeReference(),Method,Extensions/Publisher.html#/s:7Combine9PublisherP10RealmSwiftE19threadSafeReferenceAD0C10PublishersO010MakeThreadF24KeyedCollectionChangesetVy_xqd__GyAD0ckL0Rd__AD0C9MapChangeOyqd__G6OutputRtzlF
719,threadSafeReference(),Method,Extensions/Publisher.html#/s:7Combine9PublisherP10RealmSwiftE19threadSafeReferenceAD0C10PublishersO010MakeThreadF25SectionedResultsChangesetVy_xqd__GyAD0cK6ResultRd__AD0kL6ChangeOyqd__G6OutputRtzlF
720,threadSafeReference(),Method,Extensions/Publisher.html#/s:7Combine9PublisherP10RealmSwiftAD14ThreadConfined6OutputRpzrlE19threadSafeReferenceAD0C10PublishersO04MakeeI0Vy_xGyF
721,indexOfObject(where:_:),Method,Extensions/RLMCollection.html#/s:So13RLMCollectionP10RealmSwiftE13indexOfObject5where_SuSS_s7CVarArg_pdtF
722,objects(where:_:),Method,Extensions/RLMCollection.html#/s:So13RLMCollectionP10RealmSwiftE7objects5where_So10RLMResultsCySo8NSObjectCGSS_s7CVarArg_pdtF
723,subscript(_:),Method,Extensions/RLMCollection.html#/s:So13RLMCollectionP10RealmSwiftEyyXlSgSScip
724,objects(where:_:),Method,Extensions/RLMObject.html#/s:So9RLMObjectC10RealmSwiftE7objects5where_So10RLMResultsCyABGSS_s7CVarArg_pdtFZ
725,objects(in:where:_:),Method,Extensions/RLMObject.html#/s:So9RLMObjectC10RealmSwiftE7objects2in5where_So10RLMResultsCyABGSo8RLMRealmC_SSs7CVarArg_pdtFZ
726,schemaVersion(at:usingEncryptionKey:),Method,Extensions/RLMRealm.html#/s:So8RLMRealmC10RealmSwiftE13schemaVersion2at18usingEncryptionKeys6UInt64V10Foundation3URLV_AI4DataVSgtKFZ
727,resolve(reference:),Method,Extensions/RLMRealm.html#/s:So8RLMRealmC10RealmSwiftE7resolve9referencexSgSo22RLMThreadSafeReferenceCyxG_tSo0F8ConfinedRzlF
728,RLMRealm,Extension,Extensions/RLMRealm.html
729,RLMObject,Extension,Extensions/RLMObject.html
730,RLMArray,Extension,Extensions.html#/RLMArray
731,RLMDictionary,Extension,Extensions.html#/RLMDictionary
732,RLMSet,Extension,Extensions.html#/RLMSet
733,RLMResults,Extension,Extensions.html#/RLMResults
734,RLMArray,Extension,Extensions.html#/c:objc(cs)RLMArray
735,RLMDictionary,Extension,Extensions.html#/c:objc(cs)RLMDictionary
736,RLMSet,Extension,Extensions.html#/c:objc(cs)RLMSet
737,RLMResults,Extension,Extensions.html#/c:objc(cs)RLMResults
738,RLMCollection,Extension,Extensions/RLMCollection.html
739,Publisher,Extension,Extensions/Publisher.html
740,Object,Extension,Extensions/Object.html
741,EmbeddedObject,Extension,Extensions/EmbeddedObject.html
742,GeoBox,Extension,Extensions/GeoBox.html
743,GeoPolygon,Extension,Extensions/GeoPolygon.html
744,GeoCircle,Extension,Extensions/GeoCircle.html
745,Int,Extension,Extensions/Int.html
746,Int8,Extension,Extensions/Int8.html
747,Int16,Extension,Extensions/Int16.html
748,Int32,Extension,Extensions/Int32.html
749,Int64,Extension,Extensions/Int64.html
750,Bool,Extension,Extensions/Bool.html
751,Float,Extension,Extensions/Float.html
752,Double,Extension,Extensions/Double.html
753,String,Extension,Extensions/String.html
754,Data,Extension,Extensions/Data.html
755,Date,Extension,Extensions/Date.html
756,UUID,Extension,Extensions/UUID.html
757,NSString,Extension,Extensions/NSString.html
758,NSData,Extension,Extensions/NSData.html
759,NSDate,Extension,Extensions/NSDate.html
760,Optional,Extension,Extensions/Optional.html
761,RawRepresentable,Extension,Extensions/RawRepresentable.html
762,NSNumber,Extension,Extensions/NSNumber.html
763,RLMSwiftCollectionBase,Extension,Extensions/RLMSwiftCollectionBase.html
764,RLMSwiftCollectionBase,Extension,Extensions.html#/RLMSwiftCollectionBase
765,Migration,Extension,Extensions/Migration.html
766,RealmSectionedResult,Extension,Extensions/RealmSectionedResult.html
767,Binding,Extension,Extensions.html#/s:7SwiftUI7BindingV
768,EnvironmentValues,Extension,Extensions/EnvironmentValues.html
769,View,Extension,Extensions/View.html
770,RLMThreadSafeReference,Extension,Extensions.html#/c:objc(cs)RLMThreadSafeReference
771,initial(_:),Element,Enums/SectionedResultsChange.html#/s:10RealmSwift22SectionedResultsChangeO7initialyACyxGxcAEmlF
772,update(_:deletions:insertions:modifications:sectionsToInsert:sectionsToDelete:),Element,Enums/SectionedResultsChange.html#/s:10RealmSwift22SectionedResultsChangeO6updateyACyxGx_Say10Foundation9IndexPathVGA2iF0H3SetVAKtcAEmlF
773,initial(_:),Element,Enums/RealmCollectionChange.html#/s:10RealmSwift0A16CollectionChangeO7initialyACyxGxcAEmlF
774,update(_:deletions:insertions:modifications:),Element,Enums/RealmCollectionChange.html#/s:10RealmSwift0A16CollectionChangeO6updateyACyxGx_SaySiGA2FtcAEmlF
775,error(_:),Element,Enums/RealmCollectionChange.html#/s:10RealmSwift0A16CollectionChangeO5erroryACyxGs5Error_pcAEmlF
776,error(_:),Element,Enums/ObjectChange.html#/s:10RealmSwift12ObjectChangeO5erroryACyxGSo7NSErrorCcAEmlF
777,change(_:_:),Element,Enums/ObjectChange.html#/s:10RealmSwift12ObjectChangeO6changeyACyxGx_SayAA08PropertyD0VGtcAEmlF
778,deleted,Element,Enums/ObjectChange.html#/s:10RealmSwift12ObjectChangeO7deletedyACyxGAEmlF
779,initial(_:),Element,Enums/RealmMapChange.html#/s:10RealmSwift0A9MapChangeO7initialyACyxGxcAEmAA0A15KeyedCollectionRzlF
780,update(_:deletions:insertions:modifications:),Element,Enums/RealmMapChange.html#/s:10RealmSwift0A9MapChangeO6updateyACyxGx_Say3KeyQzGA2HtcAEmAA0A15KeyedCollectionRzlF
781,error(_:),Element,Enums/RealmMapChange.html#/s:10RealmSwift0A9MapChangeO5erroryACyxGs5Error_pcAEmAA0A15KeyedCollectionRzlF
782,receive(on:),Method,Enums/RealmPublishers/MakeThreadSafeSectionedResultsChangeset.html#/s:10RealmSwift0A10PublishersO39MakeThreadSafeSectionedResultsChangesetV7receive2onAC016DeferredHandoverghI0Vy_xq_qd__Gqd___t7Combine9SchedulerRd__lF
783,receive(on:),Method,Enums/RealmPublishers/MakeThreadSafeKeyedCollectionChangeset.html#/s:10RealmSwift0A10PublishersO38MakeThreadSafeKeyedCollectionChangesetV7receive2onAC016DeferredHandoverghI0Vy_xq_qd__Gqd___t7Combine9SchedulerRd__lF
784,receive(on:),Method,Enums/RealmPublishers/MakeThreadSafeCollectionChangeset.html#/s:10RealmSwift0A10PublishersO33MakeThreadSafeCollectionChangesetV7receive2onAC016DeferredHandovergH0Vy_xq_qd__Gqd___t7Combine9SchedulerRd__lF
785,Output,Alias,Enums/RealmPublishers/MapChangesetWithToken.html#/s:7Combine9PublisherP6OutputQa
786,Failure,Alias,Enums/RealmPublishers/MapChangesetWithToken.html#/s:10RealmSwift0A10PublishersO21MapChangesetWithTokenC7Failurea
787,subscribe(on:),Method,Enums/RealmPublishers/MapChangesetWithToken.html#/s:10RealmSwift0A10PublishersO21MapChangesetWithTokenC9subscribe2onAEy_xq_Gqd___t7Combine9SchedulerRd__lF
788,receive(on:),Method,Enums/RealmPublishers/MapChangesetWithToken.html#/s:10RealmSwift0A10PublishersO21MapChangesetWithTokenC7receive2onAC031DeferredHandoverKeyedCollectionE0Vy_AEy_xq_Gxqd__Gqd___t7Combine9SchedulerRd__lF
789,Output,Alias,Enums/RealmPublishers/SectionChangesetWithToken.html#/s:7Combine9PublisherP6OutputQa
790,Failure,Alias,Enums/RealmPublishers/SectionChangesetWithToken.html#/s:10RealmSwift0A10PublishersO25SectionChangesetWithTokenC7Failurea
791,subscribe(on:),Method,Enums/RealmPublishers/SectionChangesetWithToken.html#/s:10RealmSwift0A10PublishersO25SectionChangesetWithTokenC9subscribe2onAC016SectionedResultsefG0Cy_xq_Gqd___t7Combine9SchedulerRd__lF
792,receive(on:),Method,Enums/RealmPublishers/SectionChangesetWithToken.html#/s:10RealmSwift0A10PublishersO25SectionChangesetWithTokenC7receive2onAC016DeferredHandoverdE0Vy_AEy_xq_Gxqd__Gqd___t7Combine9SchedulerRd__lF
793,Output,Alias,Enums/RealmPublishers/SectionedResultsChangesetWithToken.html#/s:7Combine9PublisherP6OutputQa
794,Failure,Alias,Enums/RealmPublishers/SectionedResultsChangesetWithToken.html#/s:10RealmSwift0A10PublishersO34SectionedResultsChangesetWithTokenC7Failurea
795,subscribe(on:),Method,Enums/RealmPublishers/SectionedResultsChangesetWithToken.html#/s:10RealmSwift0A10PublishersO34SectionedResultsChangesetWithTokenC9subscribe2onAEy_xq_Gqd___t7Combine9SchedulerRd__lF
796,receive(on:),Method,Enums/RealmPublishers/SectionedResultsChangesetWithToken.html#/s:10RealmSwift0A10PublishersO34SectionedResultsChangesetWithTokenC7receive2onAC016DeferredHandoverdeF0Vy_AEy_xq_Gxqd__Gqd___t7Combine9SchedulerRd__lF
797,Output,Alias,Enums/RealmPublishers/CollectionChangesetWithToken.html#/s:7Combine9PublisherP6OutputQa
798,Failure,Alias,Enums/RealmPublishers/CollectionChangesetWithToken.html#/s:10RealmSwift0A10PublishersO28CollectionChangesetWithTokenC7Failurea
799,subscribe(on:),Method,Enums/RealmPublishers/CollectionChangesetWithToken.html#/s:10RealmSwift0A10PublishersO28CollectionChangesetWithTokenC9subscribe2onAEy_xq_Gqd___t7Combine9SchedulerRd__lF
800,receive(on:),Method,Enums/RealmPublishers/CollectionChangesetWithToken.html#/s:10RealmSwift0A10PublishersO28CollectionChangesetWithTokenC7receive2onAC016DeferredHandoverdE0Vy_AEy_xq_Gxqd__Gqd___t7Combine9SchedulerRd__lF
801,Output,Alias,Enums/RealmPublishers/SectionChangeset.html#/s:7Combine9PublisherP6OutputQa
802,Failure,Alias,Enums/RealmPublishers/SectionChangeset.html#/s:10RealmSwift0A10PublishersO16SectionChangesetV7Failurea
803,saveToken(on:at:),Method,Enums/RealmPublishers/SectionChangeset.html#/s:10RealmSwift0A10PublishersO16SectionChangesetV9saveToken2on2atAC016SectionedResultse4WithG0Cy_xqd__Gqd___s15WritableKeyPathCyqd__So015RLMNotificationG0CSgGtlF
804,subscribe(on:),Method,Enums/RealmPublishers/SectionChangeset.html#/s:10RealmSwift0A10PublishersO16SectionChangesetV9subscribe2onAC016SectionedResultsE0Vy_xGqd___t7Combine9SchedulerRd__lF
805,receive(on:),Method,Enums/RealmPublishers/SectionChangeset.html#/s:10RealmSwift0A10PublishersO16SectionChangesetV7receive2onAC032DeferredHandoverSectionedResultsE0Vy_AEy_xGxqd__Gqd___t7Combine9SchedulerRd__lF
806,Output,Alias,Enums/RealmPublishers/SectionedResultsChangeset.html#/s:7Combine9PublisherP6OutputQa
807,Failure,Alias,Enums/RealmPublishers/SectionedResultsChangeset.html#/s:10RealmSwift0A10PublishersO25SectionedResultsChangesetV7Failurea
808,saveToken(on:at:),Method,Enums/RealmPublishers/SectionedResultsChangeset.html#/s:10RealmSwift0A10PublishersO25SectionedResultsChangesetV9saveToken2on2atAC0def4WithH0Cy_xqd__Gqd___s15WritableKeyPathCyqd__So015RLMNotificationH0CSgGtlF
809,subscribe(on:),Method,Enums/RealmPublishers/SectionedResultsChangeset.html#/s:10RealmSwift0A10PublishersO25SectionedResultsChangesetV9subscribe2onAEy_xGqd___t7Combine9SchedulerRd__lF
810,receive(on:),Method,Enums/RealmPublishers/SectionedResultsChangeset.html#/s:10RealmSwift0A10PublishersO25SectionedResultsChangesetV7receive2onAC016DeferredHandoverdeF0Vy_AEy_xGxqd__Gqd___t7Combine9SchedulerRd__lF
811,Output,Alias,Enums/RealmPublishers/MapChangeset.html#/s:7Combine9PublisherP6OutputQa
812,Failure,Alias,Enums/RealmPublishers/MapChangeset.html#/s:10RealmSwift0A10PublishersO12MapChangesetV7Failurea
813,saveToken(on:at:),Method,Enums/RealmPublishers/MapChangeset.html#/s:10RealmSwift0A10PublishersO12MapChangesetV9saveToken2on2atAC0de4WithG0Cy_xqd__Gqd___s15WritableKeyPathCyqd__So015RLMNotificationG0CSgGtlF
814,subscribe(on:),Method,Enums/RealmPublishers/MapChangeset.html#/s:10RealmSwift0A10PublishersO12MapChangesetV9subscribe2onAEy_xGqd___t7Combine9SchedulerRd__lF
815,receive(on:),Method,Enums/RealmPublishers/MapChangeset.html#/s:10RealmSwift0A10PublishersO12MapChangesetV7receive2onAC031DeferredHandoverKeyedCollectionE0Vy_AEy_xGxqd__Gqd___t7Combine9SchedulerRd__lF
816,Output,Alias,Enums/RealmPublishers/CollectionChangeset.html#/s:7Combine9PublisherP6OutputQa
817,Failure,Alias,Enums/RealmPublishers/CollectionChangeset.html#/s:10RealmSwift0A10PublishersO19CollectionChangesetV7Failurea
818,saveToken(on:at:),Method,Enums/RealmPublishers/CollectionChangeset.html#/s:10RealmSwift0A10PublishersO19CollectionChangesetV9saveToken2on2atAC0de4WithG0Cy_xqd__Gqd___s15WritableKeyPathCyqd__So015RLMNotificationG0CSgGtlF
819,subscribe(on:),Method,Enums/RealmPublishers/CollectionChangeset.html#/s:10RealmSwift0A10PublishersO19CollectionChangesetV9subscribe2onAEy_xGqd___t7Combine9SchedulerRd__lF
820,receive(on:),Method,Enums/RealmPublishers/CollectionChangeset.html#/s:10RealmSwift0A10PublishersO19CollectionChangesetV7receive2onAC016DeferredHandoverdE0Vy_AEy_xGxqd__Gqd___t7Combine9SchedulerRd__lF
821,receive(on:),Method,Enums/RealmPublishers/MakeThreadSafeObjectChangeset.html#/s:10RealmSwift0A10PublishersO29MakeThreadSafeObjectChangesetV7receive2onAC016DeferredHandovergH0Vy_xq_qd__Gqd___t7Combine9SchedulerRd__lF
822,Output,Alias,Enums/RealmPublishers/ObjectChangesetWithToken.html#/s:10RealmSwift0A10PublishersO24ObjectChangesetWithTokenC6Outputa
823,Failure,Alias,Enums/RealmPublishers/ObjectChangesetWithToken.html#/s:10RealmSwift0A10PublishersO24ObjectChangesetWithTokenC7Failurea
824,subscribe(on:),Method,Enums/RealmPublishers/ObjectChangesetWithToken.html#/s:10RealmSwift0A10PublishersO24ObjectChangesetWithTokenC9subscribe2onAEy_xq_Gqd___t7Combine9SchedulerRd__lF
825,receive(on:),Method,Enums/RealmPublishers/ObjectChangesetWithToken.html#/s:10RealmSwift0A10PublishersO24ObjectChangesetWithTokenC7receive2onAC016DeferredHandoverdE0Vy_AEy_xxGxqd__Gqd___tq_Rsz7Combine9SchedulerRd__lF
826,Output,Alias,Enums/RealmPublishers/ObjectChangeset.html#/s:10RealmSwift0A10PublishersO15ObjectChangesetV6Outputa
827,Failure,Alias,Enums/RealmPublishers/ObjectChangeset.html#/s:10RealmSwift0A10PublishersO15ObjectChangesetV7Failurea
828,saveToken(on:at:),Method,Enums/RealmPublishers/ObjectChangeset.html#/s:10RealmSwift0A10PublishersO15ObjectChangesetV9saveToken2on2atAC0de4WithG0Cy_xqd__Gqd___s15WritableKeyPathCyqd__So015RLMNotificationG0CSgGtSo0abD0CRbzlF
829,subscribe(on:),Method,Enums/RealmPublishers/ObjectChangeset.html#/s:10RealmSwift0A10PublishersO15ObjectChangesetV9subscribe2onAEy_xGqd___t7Combine9SchedulerRd__lF
830,receive(on:),Method,Enums/RealmPublishers/ObjectChangeset.html#/s:10RealmSwift0A10PublishersO15ObjectChangesetV7receive2onAC016DeferredHandoverdE0Vy_AEy_xGxqd__Gqd___t7Combine9SchedulerRd__lF
831,receive(on:),Method,Enums/RealmPublishers/MakeThreadSafe.html#/s:10RealmSwift0A10PublishersO14MakeThreadSafeV7receive2onAC16DeferredHandoverVy_xqd__Gqd___t7Combine9SchedulerRd__lF
832,Failure,Alias,Enums/RealmPublishers/ValueWithToken.html#/s:10RealmSwift0A10PublishersO14ValueWithTokenC7Failurea
833,Output,Alias,Enums/RealmPublishers/ValueWithToken.html#/s:10RealmSwift0A10PublishersO14ValueWithTokenC6Outputa
834,subscribe(on:),Method,Enums/RealmPublishers/ValueWithToken.html#/s:10RealmSwift0A10PublishersO14ValueWithTokenC9subscribe2onAEy_xq_Gqd___t7Combine9SchedulerRd__lF
835,receive(on:),Method,Enums/RealmPublishers/ValueWithToken.html#/s:10RealmSwift0A10PublishersO14ValueWithTokenC7receive2onAC8HandoverVy_AEy_xq_Gqd__Gqd___t7Combine9SchedulerRd__lF
836,Failure,Alias,Enums/RealmPublishers/Value.html#/s:10RealmSwift0A10PublishersO5ValueV7Failurea
837,Output,Alias,Enums/RealmPublishers/Value.html#/s:10RealmSwift0A10PublishersO5ValueV6Outputa
838,saveToken(on:at:),Method,Enums/RealmPublishers/Value.html#/s:10RealmSwift0A10PublishersO5ValueV9saveToken2on2atAC0d4WithF0Cy_xqd__Gqd___s15WritableKeyPathCyqd__So015RLMNotificationF0CSgGtlF
839,subscribe(on:),Method,Enums/RealmPublishers/Value.html#/s:10RealmSwift0A10PublishersO5ValueV9subscribe2onAEy_xGqd___t7Combine9SchedulerRd__lF
840,receive(on:),Method,Enums/RealmPublishers/Value.html#/s:10RealmSwift0A10PublishersO5ValueV7receive2onAC8HandoverVy_AEy_xGqd__Gqd___t7Combine9SchedulerRd__lF
841,Failure,Alias,Enums/RealmPublishers/WillChangeWithToken.html#/s:10RealmSwift0A10PublishersO19WillChangeWithTokenC7Failurea
842,Output,Alias,Enums/RealmPublishers/WillChangeWithToken.html#/s:10RealmSwift0A10PublishersO19WillChangeWithTokenC6Outputa
843,Failure,Alias,Enums/RealmPublishers/WillChange.html#/s:10RealmSwift0A10PublishersO10WillChangeV7Failurea
844,Output,Alias,Enums/RealmPublishers/WillChange.html#/s:10RealmSwift0A10PublishersO10WillChangeV6Outputa
845,saveToken(on:at:),Method,Enums/RealmPublishers/WillChange.html#/s:10RealmSwift0A10PublishersO10WillChangeV9saveToken2on2atAC0de4WithG0Cy_xqd__Gqd___s15WritableKeyPathCyqd__So015RLMNotificationG0CSgGtlF
846,Failure,Alias,Enums/RealmPublishers/RealmWillChange.html#/s:10RealmSwift0A10PublishersO0A10WillChangeV7Failurea
847,Output,Alias,Enums/RealmPublishers/RealmWillChange.html#/s:10RealmSwift0A10PublishersO0A10WillChangeV6Outputa
848,saveToken(on:for:),Method,Enums/RealmPublishers/RealmWillChange.html#/s:10RealmSwift0A10PublishersO0A10WillChangeV9saveToken2on3forAC0ade4WithG0Cy_xGx_s15WritableKeyPathCyxSo015RLMNotificationG0CSgGtlF
849,RealmWillChange,Struct,Enums/RealmPublishers/RealmWillChange.html
850,WillChange,Struct,Enums/RealmPublishers/WillChange.html
851,WillChangeWithToken,Class,Enums/RealmPublishers/WillChangeWithToken.html
852,Value,Struct,Enums/RealmPublishers/Value.html
853,ValueWithToken,Class,Enums/RealmPublishers/ValueWithToken.html
854,Handover,Struct,Enums/RealmPublishers.html#/s:10RealmSwift0A10PublishersO8HandoverV
855,MakeThreadSafe,Struct,Enums/RealmPublishers/MakeThreadSafe.html
856,DeferredHandover,Struct,Enums/RealmPublishers.html#/s:10RealmSwift0A10PublishersO16DeferredHandoverV
857,ObjectChangeset,Struct,Enums/RealmPublishers/ObjectChangeset.html
858,ObjectChangesetWithToken,Class,Enums/RealmPublishers/ObjectChangesetWithToken.html
859,MakeThreadSafeObjectChangeset,Struct,Enums/RealmPublishers/MakeThreadSafeObjectChangeset.html
860,DeferredHandoverObjectChangeset,Struct,Enums/RealmPublishers.html#/s:10RealmSwift0A10PublishersO31DeferredHandoverObjectChangesetV
861,CollectionChangeset,Struct,Enums/RealmPublishers/CollectionChangeset.html
862,MapChangeset,Struct,Enums/RealmPublishers/MapChangeset.html
863,SectionedResultsChangeset,Struct,Enums/RealmPublishers/SectionedResultsChangeset.html
864,SectionChangeset,Struct,Enums/RealmPublishers/SectionChangeset.html
865,CollectionChangesetWithToken,Class,Enums/RealmPublishers/CollectionChangesetWithToken.html
866,SectionedResultsChangesetWithToken,Class,Enums/RealmPublishers/SectionedResultsChangesetWithToken.html
867,SectionChangesetWithToken,Class,Enums/RealmPublishers/SectionChangesetWithToken.html
868,MapChangesetWithToken,Class,Enums/RealmPublishers/MapChangesetWithToken.html
869,MakeThreadSafeCollectionChangeset,Struct,Enums/RealmPublishers/MakeThreadSafeCollectionChangeset.html
870,MakeThreadSafeKeyedCollectionChangeset,Struct,Enums/RealmPublishers/MakeThreadSafeKeyedCollectionChangeset.html
871,MakeThreadSafeSectionedResultsChangeset,Struct,Enums/RealmPublishers/MakeThreadSafeSectionedResultsChangeset.html
872,DeferredHandoverCollectionChangeset,Struct,Enums/RealmPublishers.html#/s:10RealmSwift0A10PublishersO35DeferredHandoverCollectionChangesetV
873,DeferredHandoverKeyedCollectionChangeset,Struct,Enums/RealmPublishers.html#/s:10RealmSwift0A10PublishersO40DeferredHandoverKeyedCollectionChangesetV
874,DeferredHandoverSectionedResultsChangeset,Struct,Enums/RealmPublishers.html#/s:10RealmSwift0A10PublishersO41DeferredHandoverSectionedResultsChangesetV
875,DeferredHandoverSectionChangeset,Struct,Enums/RealmPublishers.html#/s:10RealmSwift0A10PublishersO32DeferredHandoverSectionChangesetV
876,none,Element,Enums/AnyRealmValue.html#/s:10RealmSwift03AnyA5ValueO4noneyA2CmF
877,int(_:),Element,Enums/AnyRealmValue.html#/s:10RealmSwift03AnyA5ValueO3intyACSicACmF
878,bool(_:),Element,Enums/AnyRealmValue.html#/s:10RealmSwift03AnyA5ValueO4boolyACSbcACmF
879,float(_:),Element,Enums/AnyRealmValue.html#/s:10RealmSwift03AnyA5ValueO5floatyACSfcACmF
880,double(_:),Element,Enums/AnyRealmValue.html#/s:10RealmSwift03AnyA5ValueO6doubleyACSdcACmF
881,string(_:),Element,Enums/AnyRealmValue.html#/s:10RealmSwift03AnyA5ValueO6stringyACSScACmF
882,data(_:),Element,Enums/AnyRealmValue.html#/s:10RealmSwift03AnyA5ValueO4datayAC10Foundation4DataVcACmF
883,date(_:),Element,Enums/AnyRealmValue.html#/s:10RealmSwift03AnyA5ValueO4dateyAC10Foundation4DateVcACmF
884,object(_:),Element,Enums/AnyRealmValue.html#/s:10RealmSwift03AnyA5ValueO6objectyACSo0aB6ObjectCcACmF
885,objectId(_:),Element,Enums/AnyRealmValue.html#/s:10RealmSwift03AnyA5ValueO8objectIdyAcA06ObjectF0CcACmF
886,decimal128(_:),Element,Enums/AnyRealmValue.html#/s:10RealmSwift03AnyA5ValueO10decimal128yAcA10Decimal128CcACmF
887,uuid(_:),Element,Enums/AnyRealmValue.html#/s:10RealmSwift03AnyA5ValueO4uuidyAC10Foundation4UUIDVcACmF
888,dictionary(_:),Element,Enums/AnyRealmValue.html#/s:10RealmSwift03AnyA5ValueO10dictionaryyAcA3MapCySSACGcACmF
889,list(_:),Element,Enums/AnyRealmValue.html#/s:10RealmSwift03AnyA5ValueO4listyAcA4ListCyACGcACmF
890,intValue,Property,Enums/AnyRealmValue.html#/s:10RealmSwift03AnyA5ValueO03intD0SiSgvp
891,boolValue,Property,Enums/AnyRealmValue.html#/s:10RealmSwift03AnyA5ValueO04boolD0SbSgvp
892,floatValue,Property,Enums/AnyRealmValue.html#/s:10RealmSwift03AnyA5ValueO05floatD0SfSgvp
893,doubleValue,Property,Enums/AnyRealmValue.html#/s:10RealmSwift03AnyA5ValueO06doubleD0SdSgvp
894,stringValue,Property,Enums/AnyRealmValue.html#/s:10RealmSwift03AnyA5ValueO06stringD0SSSgvp
895,dataValue,Property,Enums/AnyRealmValue.html#/s:10RealmSwift03AnyA5ValueO04dataD010Foundation4DataVSgvp
896,dateValue,Property,Enums/AnyRealmValue.html#/s:10RealmSwift03AnyA5ValueO04dateD010Foundation4DateVSgvp
897,objectIdValue,Property,Enums/AnyRealmValue.html#/s:10RealmSwift03AnyA5ValueO08objectIdD0AA06ObjectF0CSgvp
898,decimal128Value,Property,Enums/AnyRealmValue.html#/s:10RealmSwift03AnyA5ValueO010decimal128D0AA10Decimal128CSgvp
899,uuidValue,Property,Enums/AnyRealmValue.html#/s:10RealmSwift03AnyA5ValueO04uuidD010Foundation4UUIDVSgvp
900,object(_:),Method,Enums/AnyRealmValue.html#/s:10RealmSwift03AnyA5ValueO6objectyxSgxmSo0aB6ObjectCRbzlF
901,dictionaryValue,Property,Enums/AnyRealmValue.html#/s:10RealmSwift03AnyA5ValueO010dictionaryD0AA3MapCySSACGSgvp
902,listValue,Property,Enums/AnyRealmValue.html#/s:10RealmSwift03AnyA5ValueO04listD0AA4ListCyACGSgvp
903,dynamicObject,Property,Enums/AnyRealmValue.html#/s:10RealmSwift03AnyA5ValueO13dynamicObjectAA07DynamicF0CSgvp
904,init(),Method,Enums/AnyRealmValue.html#/s:10RealmSwift03AnyA5ValueOACycfc
905,fromDictionary(_:),Method,Enums/AnyRealmValue.html#/s:10RealmSwift03AnyA5ValueO14fromDictionaryyACSDySSACGFZ
906,fromArray(_:),Method,Enums/AnyRealmValue.html#/s:10RealmSwift03AnyA5ValueO9fromArrayyACSayACGFZ
907,hash(into:),Method,Enums/AnyRealmValue.html#/s:SH4hash4intoys6HasherVz_tF
908,_rlmType,Variable,Enums/AnyRealmValue.html#/s:10RealmSwift03AnyA5ValueO8_rlmTypeSo011RLMPropertyF0VvpZ
909,_rlmPopulateProperty(_:),Method,Enums/AnyRealmValue.html#/s:10RealmSwift03AnyA5ValueO20_rlmPopulatePropertyyySo11RLMPropertyCFZ
910,PersistedType,Alias,Enums/AnyRealmValue.html#/s:10RealmSwift03AnyA5ValueO13PersistedTypea
911,_rlmGetProperty(_:_:),Method,Enums/AnyRealmValue.html#/s:10RealmSwift03AnyA5ValueO15_rlmGetPropertyyACSo13RLMObjectBaseC_s6UInt16VtFZ
912,_rlmSetProperty(_:_:_:),Method,Enums/AnyRealmValue.html#/s:10RealmSwift03AnyA5ValueO15_rlmSetPropertyyySo13RLMObjectBaseC_s6UInt16VACtFZ
913,_rlmSetAccessor(_:),Method,Enums/AnyRealmValue.html#/s:10RealmSwift03AnyA5ValueO15_rlmSetAccessoryySo11RLMPropertyCFZ
914,_rlmFromObjc(_:),Method,Enums/AnyRealmValue.html#/s:10RealmSwift03AnyA5ValueO12_rlmFromObjcyACSgypFZ
915,_rlmObjcValue,Property,Enums/AnyRealmValue.html#/s:10RealmSwift03AnyA5ValueO08_rlmObjcD0ypvp
916,AnyRealmValue,Enum,Enums/AnyRealmValue.html
917,RealmPublishers,Enum,Enums/RealmPublishers.html
918,RealmMapChange,Enum,Enums/RealmMapChange.html
919,ObjectChange,Enum,Enums/ObjectChange.html
920,RealmCollectionChange,Enum,Enums/RealmCollectionChange.html
921,SectionedResultsChange,Enum,Enums/SectionedResultsChange.html
922,rootObject,Property,Classes/Projection.html#/s:10RealmSwift10ProjectionC10rootObjectxvp
923,init(projecting:),Method,Classes/Projection.html#/s:10RealmSwift10ProjectionC10projectingACyxGx_tcfc
924,_rlmFromObjc(_:),Method,Classes/Projection.html#/s:10RealmSwift10ProjectionC12_rlmFromObjcyACyxGXDSgypFZ
925,_rlmObjcValue,Property,Classes/Projection.html#/s:10RealmSwift10ProjectionC13_rlmObjcValueypvp
926,realm,Property,Classes/Projection.html#/s:10RealmSwift10ProjectionC5realmAA0A0VSgvp
927,isInvalidated,Property,Classes/Projection.html#/s:10RealmSwift10ProjectionC13isInvalidatedSbvp
928,isFrozen,Property,Classes/Projection.html#/s:10RealmSwift10ProjectionC8isFrozenSbvp
929,freeze(),Method,Classes/Projection.html#/s:10RealmSwift10ProjectionC6freezeACyxGXDyF
930,thaw(),Method,Classes/Projection.html#/s:10RealmSwift10ProjectionC4thawACyxGXDSgyF
931,objectWillChange,Property,Classes/Projection.html#/s:10RealmSwift10ProjectionC16objectWillChangeAA0A10PublishersO0eF0Vy_ACyxGGvp
932,value,Property,Classes/RealmProperty.html#/s:10RealmSwift0A8PropertyC5valuexvp
933,_rlmType,Variable,Classes/RealmProperty.html#/s:10RealmSwift0A8PropertyC8_rlmTypeSo011RLMPropertyE0VvpZ
934,_rlmOptional,Variable,Classes/RealmProperty.html#/s:10RealmSwift0A8PropertyC12_rlmOptionalSbvpZ
935,_rlmRequireObjc,Variable,Classes/RealmProperty.html#/s:10RealmSwift0A8PropertyC15_rlmRequireObjcSbvpZ
936,_rlmPopulateProperty(_:),Method,Classes/RealmProperty.html#/s:10RealmSwift0A8PropertyC012_rlmPopulateC0yySo11RLMPropertyCFZ
937,==(_:_:),Method,Classes/RealmProperty.html#/s:SQ2eeoiySbx_xtFZ
938,init(from:),Method,Classes/RealmProperty.html#/s:Se4fromxs7Decoder_p_tKcfc
939,encode(to:),Method,Classes/RealmProperty.html#/s:SE6encode2toys7Encoder_p_tKF
940,value,Property,Classes/RealmOptional.html#/s:10RealmSwift0A8OptionalC5valuexSgvp
941,init(_:),Method,Classes/RealmOptional.html#/s:10RealmSwift0A8OptionalCyACyxGxSgcfc
942,_rlmType,Variable,Classes/RealmOptional.html#/s:10RealmSwift0A8OptionalCA2A01_A18SchemaDiscoverableRzrlE8_rlmTypeSo011RLMPropertyG0VvpZ
943,_rlmOptional,Variable,Classes/RealmOptional.html#/s:10RealmSwift0A8OptionalCA2A01_A18SchemaDiscoverableRzrlE04_rlmC0SbvpZ
944,_rlmRequireObjc,Variable,Classes/RealmOptional.html#/s:10RealmSwift0A8OptionalCA2A01_A18SchemaDiscoverableRzrlE15_rlmRequireObjcSbvpZ
945,_rlmPopulateProperty(_:),Method,Classes/RealmOptional.html#/s:10RealmSwift0A8OptionalCA2A01_A18SchemaDiscoverableRzrlE20_rlmPopulatePropertyyySo11RLMPropertyCFZ
946,==(_:_:),Method,Classes/RealmOptional.html#/s:SQ2eeoiySbx_xtFZ
947,init(from:),Method,Classes/RealmOptional.html#/s:Se4fromxs7Decoder_p_tKcfc
948,encode(to:),Method,Classes/RealmOptional.html#/s:SE6encode2toys7Encoder_p_tKF
949,init(),Method,Classes/ObjectId.html#/c:@M@RealmSwift@objc(cs)RealmSwiftObjectId(im)init
950,generate(),Method,Classes/ObjectId.html#/c:@M@RealmSwift@objc(cs)RealmSwiftObjectId(cm)objectId
951,init(string:),Method,Classes/ObjectId.html#/c:@M@RealmSwift@objc(cs)RealmSwiftObjectId(im)initWithString:error:
952,init(timestamp:machineId:processId:),Method,Classes/ObjectId.html#/s:10RealmSwift8ObjectIdC9timestamp07machineD007processD0AC10Foundation4DateV_S2itcfc
953,init(_:),Method,Classes/ObjectId.html#/s:10RealmSwift8ObjectIdCyACs12StaticStringVcfc
954,init(from:),Method,Classes/ObjectId.html#/s:10RealmSwift8ObjectIdC4fromACs7Decoder_p_tKcfc
955,_rlmType,Variable,Classes/ObjectId.html#/s:10RealmSwift8ObjectIdC8_rlmTypeSo011RLMPropertyF0VvpZ
956,PersistedType,Alias,Classes/ObjectId.html#/s:10RealmSwift8ObjectIdC13PersistedTypea
957,_rlmGetProperty(_:_:),Method,Classes/ObjectId.html#/s:10RealmSwift8ObjectIdC15_rlmGetPropertyyACSo13RLMObjectBaseC_s6UInt16VtFZ
958,_rlmGetPropertyOptional(_:_:),Method,Classes/ObjectId.html#/s:10RealmSwift8ObjectIdC23_rlmGetPropertyOptionalyACSgSo13RLMObjectBaseC_s6UInt16VtFZ
959,_rlmSetProperty(_:_:_:),Method,Classes/ObjectId.html#/s:10RealmSwift8ObjectIdC15_rlmSetPropertyyySo13RLMObjectBaseC_s6UInt16VACtFZ
960,_rlmDefaultValue(),Method,Classes/ObjectId.html#/s:10RealmSwift8ObjectIdC16_rlmDefaultValueACyFZ
961,encode(to:),Method,Classes/ObjectId.html#/s:10RealmSwift8ObjectIdC6encode2toys7Encoder_p_tKF
962,<(_:_:),Method,Classes/ObjectId.html#/s:10RealmSwift8ObjectIdC1loiySbAC_ACtFZ
963,<=(_:_:),Method,Classes/ObjectId.html#/s:10RealmSwift8ObjectIdC2leoiySbAC_ACtFZ
964,>=(_:_:),Method,Classes/ObjectId.html#/s:10RealmSwift8ObjectIdC2geoiySbAC_ACtFZ
965,>(_:_:),Method,Classes/ObjectId.html#/s:10RealmSwift8ObjectIdC1goiySbAC_ACtFZ
966,init(),Method,Classes/Decimal128.html#/c:@M@RealmSwift@objc(cs)RealmSwiftDecimal128(im)init
967,init(value:),Method,Classes/Decimal128.html#/c:@M@RealmSwift@objc(cs)RealmSwiftDecimal128(im)initWithValue:
968,init(number:),Method,Classes/Decimal128.html#/c:@M@RealmSwift@objc(cs)RealmSwiftDecimal128(im)initWithNumber:
969,init(string:),Method,Classes/Decimal128.html#/c:@M@RealmSwift@objc(cs)RealmSwiftDecimal128(im)initWithString:
970,init(from:),Method,Classes/Decimal128.html#/s:10RealmSwift10Decimal128C4fromACs7Decoder_p_tKcfc
971,min,Variable,Classes/Decimal128.html#/s:10RealmSwift10Decimal128C3minACvpZ
972,max,Variable,Classes/Decimal128.html#/s:10RealmSwift10Decimal128C3maxACvpZ
973,encode(to:),Method,Classes/Decimal128.html#/s:10RealmSwift10Decimal128C6encode2toys7Encoder_p_tKF
974,init(integerLiteral:),Method,Classes/Decimal128.html#/s:10RealmSwift10Decimal128C14integerLiteralACs5Int64V_tcfc
975,init(floatLiteral:),Method,Classes/Decimal128.html#/s:10RealmSwift10Decimal128C12floatLiteralACSd_tcfc
976,init(stringLiteral:),Method,Classes/Decimal128.html#/s:10RealmSwift10Decimal128C13stringLiteralACSS_tcfc
977,==(_:_:),Method,Classes/Decimal128.html#/s:10RealmSwift10Decimal128C2eeoiySbAC_ACtFZ
978,<(_:_:),Method,Classes/Decimal128.html#/s:10RealmSwift10Decimal128C1loiySbAC_ACtFZ
979,<=(_:_:),Method,Classes/Decimal128.html#/s:10RealmSwift10Decimal128C2leoiySbAC_ACtFZ
980,>=(_:_:),Method,Classes/Decimal128.html#/s:10RealmSwift10Decimal128C2geoiySbAC_ACtFZ
981,>(_:_:),Method,Classes/Decimal128.html#/s:10RealmSwift10Decimal128C1goiySbAC_ACtFZ
982,init(exactly:),Method,Classes/Decimal128.html#/s:10RealmSwift10Decimal128C7exactlyACSgx_tcSzRzlufc
983,Magnitude,Alias,Classes/Decimal128.html#/s:10RealmSwift10Decimal128C9Magnitudea
984,magnitude,Property,Classes/Decimal128.html#/s:10RealmSwift10Decimal128C9magnitudeACvp
985,+(_:_:),Method,Classes/Decimal128.html#/s:10RealmSwift10Decimal128C1poiyA2C_ACtFZ
986,-(_:_:),Method,Classes/Decimal128.html#/s:10RealmSwift10Decimal128C1soiyA2C_ACtFZ
987,*(_:_:),Method,Classes/Decimal128.html#/s:10RealmSwift10Decimal128C1moiyA2C_ACtFZ
988,*=(_:_:),Method,Classes/Decimal128.html#/s:10RealmSwift10Decimal128C2meoiyyACz_ACtFZ
989,/(_:_:),Method,Classes/Decimal128.html#/s:10RealmSwift10Decimal128C1doiyA2C_ACtFZ
990,Stride,Alias,Classes/Decimal128.html#/s:10RealmSwift10Decimal128C6Stridea
991,distance(to:),Method,Classes/Decimal128.html#/s:10RealmSwift10Decimal128C8distance2toA2C_tF
992,advanced(by:),Method,Classes/Decimal128.html#/s:10RealmSwift10Decimal128C8advanced2byA2C_tF
993,isSignaling,Property,Classes/Decimal128.html#/s:10RealmSwift10Decimal128C11isSignalingSbvp
994,isSignalingNaN,Property,Classes/Decimal128.html#/s:10RealmSwift10Decimal128C14isSignalingNaNSbvp
995,_rlmType,Variable,Classes/Decimal128.html#/s:10RealmSwift10Decimal128C8_rlmTypeSo011RLMPropertyE0VvpZ
996,PersistedType,Alias,Classes/Decimal128.html#/s:10RealmSwift10Decimal128C13PersistedTypea
997,_rlmGetProperty(_:_:),Method,Classes/Decimal128.html#/s:10RealmSwift10Decimal128C15_rlmGetPropertyyACSo13RLMObjectBaseC_s6UInt16VtFZ
998,_rlmGetPropertyOptional(_:_:),Method,Classes/Decimal128.html#/s:10RealmSwift10Decimal128C23_rlmGetPropertyOptionalyACSgSo13RLMObjectBaseC_s6UInt16VtFZ
999,_rlmSetProperty(_:_:_:),Method,Classes/Decimal128.html#/s:10RealmSwift10Decimal128C15_rlmSetPropertyyySo13RLMObjectBaseC_s6UInt16VACtFZ
1000,_rlmFromObjc(_:),Method,Classes/Decimal128.html#/s:10RealmSwift10Decimal128C12_rlmFromObjcyACSgypFZ
1001,_rlmObjcValue,Property,Classes/Decimal128.html#/s:10RealmSwift10Decimal128C13_rlmObjcValueypvp
1002,realm,Property,Classes/Map.html#/s:10RealmSwift3MapC5realmAA0A0VSgvp
1003,isInvalidated,Property,Classes/Map.html#/s:10RealmSwift3MapC13isInvalidatedSbvp
1004,keys,Property,Classes/Map.html#/s:10RealmSwift3MapC4keysSayxGvp
1005,values,Property,Classes/Map.html#/s:10RealmSwift3MapC6valuesSayq_Gvp
1006,init(),Method,Classes/Map.html#/s:10RealmSwift3MapCACyxq_Gycfc
1007,count,Property,Classes/Map.html#/s:10RealmSwift3MapC5countSivp
1008,updateValue(_:forKey:),Method,Classes/Map.html#/s:10RealmSwift3MapC11updateValue_6forKeyyq__xtF
1009,merge(_:uniquingKeysWith:),Method,Classes/Map.html#/s:10RealmSwift3MapC5merge_16uniquingKeysWithyqd___q_q__q_tKXEtKSTRd__x3key_q_5valuet7ElementRtd__lF
1010,removeObject(for:),Method,Classes/Map.html#/s:10RealmSwift3MapC12removeObject3foryx_tF
1011,removeAll(),Method,Classes/Map.html#/s:10RealmSwift3MapC9removeAllyyF
1012,subscript(_:),Method,Classes/Map.html#/s:10RealmSwift3MapCyq_Sgxcip
1013,object(forKey:),Method,Classes/Map.html#/s:10RealmSwift3MapC6object6forKeyyXlSgyXl_tF
1014,value(forKey:),Method,Classes/Map.html#/s:10RealmSwift3MapC5value6forKeyyXlSgSS_tF
1015,value(forKeyPath:),Method,Classes/Map.html#/s:10RealmSwift3MapC5value10forKeyPathyXlSgSS_tF
1016,setValue(_:forKey:),Method,Classes/Map.html#/s:10RealmSwift3MapC8setValue_6forKeyyypSg_SStF
1017,filter(_:),Method,Classes/Map.html#/s:10RealmSwift3MapC6filteryAA7ResultsVyq_GSo11NSPredicateCF
1018,where(_:),Method,Classes/Map.html#/s:10RealmSwift3MapC5whereyAA7ResultsVyq_GAA5QueryVySbGAIyq_GXEF
1019,contains(where:),Method,Classes/Map.html#/s:10RealmSwift3MapC8contains5whereS2bx_q_tc_tF
1020,sorted(ascending:),Method,Classes/Map.html#/s:10RealmSwift3MapC6sorted9ascendingAA7ResultsVyq_GSb_tF
1021,sorted(byKeyPath:ascending:),Method,Classes/Map.html#/s:10RealmSwift3MapC6sorted9byKeyPath9ascendingAA7ResultsVyq_GSS_SbtF
1022,sorted(by:),Method,Classes/Map.html#/s:10RealmSwift3MapC6sorted2byAA7ResultsVyq_Gqd___tSTRd__AA14SortDescriptorV7ElementRtd__lF
1023,min(ofProperty:),Method,Classes/Map.html#/s:10RealmSwift3MapC3min10ofPropertyqd__SgSS_tAA17_HasPersistedTypeRd__AA06MinMaxI00hI0Rpd__lF
1024,max(ofProperty:),Method,Classes/Map.html#/s:10RealmSwift3MapC3max10ofPropertyqd__SgSS_tAA17_HasPersistedTypeRd__AA06MinMaxI00hI0Rpd__lF
1025,sum(ofProperty:),Method,Classes/Map.html#/s:10RealmSwift3MapC3sum10ofPropertyqd__SS_tAA17_HasPersistedTypeRd__AA07AddableI00hI0Rpd__lF
1026,average(ofProperty:),Method,Classes/Map.html#/s:10RealmSwift3MapC7average10ofPropertyqd__SgSS_tAA17_HasPersistedTypeRd__AA07AddableI00hI0Rpd__lF
1027,observe(keyPaths:on:_:),Method,Classes/Map.html#/s:10RealmSwift3MapC7observe8keyPaths2on_So20RLMNotificationTokenCSaySSGSg_So17OS_dispatch_queueCSgyAA0aC6ChangeOyACyxq_GGctF
1028,observe(keyPaths:on:_isolation:_:),Method,Classes/Map.html#/s:10RealmSwift3MapC7observe8keyPaths2on10_isolation_So20RLMNotificationTokenCSaySSGSg_qd__ScA_pSgYiyqd__Yi_AA0aC6ChangeOyACyxq_GGtYbctYaScARd__lF
1029,observe(keyPaths:on:_isolation:_:),Method,Classes/Map.html#/s:10RealmSwift3MapC7observe8keyPaths2on10_isolation_So20RLMNotificationTokenCSays14PartialKeyPathCy7WrappedAA16OptionalProtocolPQy_GG_qd__ScA_pSgYiyqd__Yi_AA0aC6ChangeOyACyxq_GGtYbctYaAaMR_ScARd__So13RLMObjectBaseCAORBlF
1030,isFrozen,Property,Classes/Map.html#/s:10RealmSwift3MapC8isFrozenSbvp
1031,freeze(),Method,Classes/Map.html#/s:10RealmSwift3MapC6freezeACyxq_GyF
1032,thaw(),Method,Classes/Map.html#/s:10RealmSwift3MapC4thawACyxq_GSgyF
1033,description,Property,Classes/Map.html#/s:10RealmSwift3MapC11descriptionSSvp
1034,objectWillChange,Property,Classes/Map.html#/s:10RealmSwift3MapC16objectWillChangeAA0A10PublishersO0eF0Vy_ACyxq_GGvp
1035,_rlmObjcValue,Property,Classes/Map.html#/s:10RealmSwift3MapC13_rlmObjcValueypvp
1036,_rlmFromObjc(_:),Method,Classes/Map.html#/s:10RealmSwift3MapC12_rlmFromObjcyACyxq_GXDSgypFZ
1037,makeIterator(),Method,Classes/Map.html#/s:10RealmSwift3MapC12makeIteratorAA011RLMKeyValueE0Vyxq_GyF
1038,_rlmType,Variable,Classes/Map.html#/s:10RealmSwift3MapCA2A01_A18SchemaDiscoverableR_rlE8_rlmTypeSo011RLMPropertyG0VvpZ
1039,_rlmOptional,Variable,Classes/Map.html#/s:10RealmSwift3MapCA2A01_A18SchemaDiscoverableR_rlE12_rlmOptionalSbvpZ
1040,_rlmRequireObjc,Variable,Classes/Map.html#/s:10RealmSwift3MapCA2A01_A18SchemaDiscoverableR_rlE15_rlmRequireObjcSbvpZ
1041,_rlmPopulateProperty(_:),Method,Classes/Map.html#/s:10RealmSwift3MapCA2A01_A18SchemaDiscoverableR_rlE20_rlmPopulatePropertyyySo11RLMPropertyCFZ
1042,PersistedType,Alias,Classes/Map.html#/s:10RealmSwift3MapCA2A12_PersistableR_rlE13PersistedTypea
1043,_rlmRequiresCaching,Variable,Classes/Map.html#/s:10RealmSwift3MapCA2A12_PersistableR_rlE19_rlmRequiresCachingSbvpZ
1044,_rlmGetProperty(_:_:),Method,Classes/Map.html#/s:10RealmSwift3MapCA2A12_PersistableR_rlE15_rlmGetPropertyyACyxq_GXDSo13RLMObjectBaseC_s6UInt16VtFZ
1045,_rlmSetProperty(_:_:_:),Method,Classes/Map.html#/s:10RealmSwift3MapCA2A12_PersistableR_rlE15_rlmSetPropertyyySo13RLMObjectBaseC_s6UInt16VACyxq_GtFZ
1046,_rlmSetAccessor(_:),Method,Classes/Map.html#/s:10RealmSwift3MapCA2A12_PersistableR_rlE15_rlmSetAccessoryySo11RLMPropertyCFZ
1047,init(from:),Method,Classes/Map.html#/s:Se4fromxs7Decoder_p_tKcfc
1048,encode(to:),Method,Classes/Map.html#/s:SE6encode2toys7Encoder_p_tKF
1049,init(),Method,Classes/MutableSet.html#/s:10RealmSwift10MutableSetCACyxGycfc
1050,value(forKey:),Method,Classes/MutableSet.html#/s:10RealmSwift10MutableSetC5value6forKeySayyXlGSS_tF
1051,subscript(_:),Method,Classes/MutableSet.html#/s:10RealmSwift10MutableSetCyxSicip
1052,contains(_:),Method,Classes/MutableSet.html#/s:10RealmSwift10MutableSetC8containsySbxF
1053,isSubset(of:),Method,Classes/MutableSet.html#/s:10RealmSwift10MutableSetC8isSubset2ofSbACyxG_tF
1054,intersects(_:),Method,Classes/MutableSet.html#/s:10RealmSwift10MutableSetC10intersectsySbACyxGF
1055,insert(_:),Method,Classes/MutableSet.html#/s:10RealmSwift10MutableSetC6insertyyxF
1056,insert(objectsIn:),Method,Classes/MutableSet.html#/s:10RealmSwift10MutableSetC6insert9objectsInyqd___t7ElementQyd__RszSTRd__lF
1057,remove(_:),Method,Classes/MutableSet.html#/s:10RealmSwift10MutableSetC6removeyyxF
1058,removeAll(),Method,Classes/MutableSet.html#/s:10RealmSwift10MutableSetC9removeAllyyF
1059,formIntersection(_:),Method,Classes/MutableSet.html#/s:10RealmSwift10MutableSetC16formIntersectionyyACyxGF
1060,subtract(_:),Method,Classes/MutableSet.html#/s:10RealmSwift10MutableSetC8subtractyyACyxGF
1061,formUnion(_:),Method,Classes/MutableSet.html#/s:10RealmSwift10MutableSetC9formUnionyyACyxGF
1062,description,Property,Classes/MutableSet.html#/s:10RealmSwift10MutableSetC11descriptionSSvp
1063,objectWillChange,Property,Classes/MutableSet.html#/s:10RealmSwift10MutableSetC16objectWillChangeAA0A10PublishersO0fG0Vy_ACyxGGvp
1064,_rlmType,Variable,Classes/MutableSet.html#/s:10RealmSwift10MutableSetCA2A01_A18SchemaDiscoverableRzrlE8_rlmTypeSo011RLMPropertyH0VvpZ
1065,_rlmOptional,Variable,Classes/MutableSet.html#/s:10RealmSwift10MutableSetCA2A01_A18SchemaDiscoverableRzrlE12_rlmOptionalSbvpZ
1066,_rlmRequireObjc,Variable,Classes/MutableSet.html#/s:10RealmSwift10MutableSetCA2A01_A18SchemaDiscoverableRzrlE15_rlmRequireObjcSbvpZ
1067,_rlmPopulateProperty(_:),Method,Classes/MutableSet.html#/s:10RealmSwift10MutableSetCA2A01_A18SchemaDiscoverableRzrlE20_rlmPopulatePropertyyySo11RLMPropertyCFZ
1068,PersistedType,Alias,Classes/MutableSet.html#/s:10RealmSwift10MutableSetCA2A12_PersistableRzrlE13PersistedTypea
1069,_rlmRequiresCaching,Variable,Classes/MutableSet.html#/s:10RealmSwift10MutableSetCA2A12_PersistableRzrlE19_rlmRequiresCachingSbvpZ
1070,_rlmGetProperty(_:_:),Method,Classes/MutableSet.html#/s:10RealmSwift10MutableSetCA2A12_PersistableRzrlE15_rlmGetPropertyyACyxGXDSo13RLMObjectBaseC_s6UInt16VtFZ
1071,_rlmSetProperty(_:_:_:),Method,Classes/MutableSet.html#/s:10RealmSwift10MutableSetCA2A12_PersistableRzrlE04_rlmD8PropertyyySo13RLMObjectBaseC_s6UInt16VACyxGtFZ
1072,_rlmSetAccessor(_:),Method,Classes/MutableSet.html#/s:10RealmSwift10MutableSetCA2A12_PersistableRzrlE04_rlmD8AccessoryySo11RLMPropertyCFZ
1073,init(from:),Method,Classes/MutableSet.html#/s:Se4fromxs7Decoder_p_tKcfc
1074,projectTo,Property,Classes/MutableSet.html#/s:10RealmSwift10MutableSetCAASo13RLMObjectBaseCRbzrlE9projectToAA23CollectionElementMapperVyxGvp
1075,init(),Method,Classes/List.html#/s:10RealmSwift4ListCACyxGycfc
1076,subscript(_:),Method,Classes/List.html#/s:10RealmSwift4ListCyxSicip
1077,value(forKey:),Method,Classes/List.html#/s:10RealmSwift4ListC5value6forKeySayyXlGSS_tF
1078,value(forKeyPath:),Method,Classes/List.html#/s:10RealmSwift4ListC5value10forKeyPathSayyXlGSS_tF
1079,append(_:),Method,Classes/List.html#/s:10RealmSwift4ListC6appendyyxF
1080,append(objectsIn:),Method,Classes/List.html#/s:10RealmSwift4ListC6append9objectsInyqd___t7ElementQyd__RszSTRd__lF
1081,insert(_:at:),Method,Classes/List.html#/s:10RealmSwift4ListC6insert_2atyx_SitF
1082,remove(at:),Method,Classes/List.html#/s:10RealmSwift4ListC6remove2atySi_tF
1083,removeAll(),Method,Classes/List.html#/s:10RealmSwift4ListC9removeAllyyF
1084,replace(index:object:),Method,Classes/List.html#/s:10RealmSwift4ListC7replace5index6objectySi_xtF
1085,move(from:to:),Method,Classes/List.html#/s:10RealmSwift4ListC4move4from2toySi_SitF
1086,swapAt(_:_:),Method,Classes/List.html#/s:10RealmSwift4ListC6swapAtyySi_SitF
1087,description,Property,Classes/List.html#/s:10RealmSwift4ListC11descriptionSSvp
1088,objectWillChange,Property,Classes/List.html#/s:10RealmSwift4ListC16objectWillChangeAA0A10PublishersO0eF0Vy_ACyxGGvp
1089,replaceSubrange(_:with:),Method,Classes/List.html#/s:10RealmSwift4ListC15replaceSubrange_4withyqd_0__qd__t7ElementQyd__RszSlRd__SXRd_0_Si5BoundRtd_0_r0_lF
1090,SubSequence,Alias,Classes/List.html#/s:Sl11SubSequenceQa
1091,subscript(_:),Method,Classes/List.html#/s:10RealmSwift4ListCys5SliceVyACyxGGSnySiGcip
1092,removeFirst(_:),Method,Classes/List.html#/s:10RealmSwift4ListC11removeFirstyySiF
1093,removeLast(_:),Method,Classes/List.html#/s:10RealmSwift4ListC10removeLastyySiF
1094,insert(contentsOf:at:),Method,Classes/List.html#/s:10RealmSwift4ListC6insert10contentsOf2atyqd___Sit7ElementQyd__RszSlRd__lF
1095,removeSubrange(_:),Method,Classes/List.html#/s:10RealmSwift4ListC14removeSubrangeyyqd__SXRd__Si5BoundRtd__lF
1096,_rlmType,Variable,Classes/List.html#/s:10RealmSwift4ListCA2A01_A18SchemaDiscoverableRzrlE8_rlmTypeSo011RLMPropertyG0VvpZ
1097,_rlmOptional,Variable,Classes/List.html#/s:10RealmSwift4ListCA2A01_A18SchemaDiscoverableRzrlE12_rlmOptionalSbvpZ
1098,_rlmRequireObjc,Variable,Classes/List.html#/s:10RealmSwift4ListCA2A01_A18SchemaDiscoverableRzrlE15_rlmRequireObjcSbvpZ
1099,_rlmPopulateProperty(_:),Method,Classes/List.html#/s:10RealmSwift4ListCA2A01_A18SchemaDiscoverableRzrlE20_rlmPopulatePropertyyySo11RLMPropertyCFZ
1100,PersistedType,Alias,Classes/List.html#/s:10RealmSwift4ListCA2A12_PersistableRzrlE13PersistedTypea
1101,_rlmRequiresCaching,Variable,Classes/List.html#/s:10RealmSwift4ListCA2A12_PersistableRzrlE19_rlmRequiresCachingSbvpZ
1102,_rlmGetProperty(_:_:),Method,Classes/List.html#/s:10RealmSwift4ListCA2A12_PersistableRzrlE15_rlmGetPropertyyACyxGXDSo13RLMObjectBaseC_s6UInt16VtFZ
1103,_rlmSetProperty(_:_:_:),Method,Classes/List.html#/s:10RealmSwift4ListCA2A12_PersistableRzrlE15_rlmSetPropertyyySo13RLMObjectBaseC_s6UInt16VACyxGtFZ
1104,_rlmSetAccessor(_:),Method,Classes/List.html#/s:10RealmSwift4ListCA2A12_PersistableRzrlE15_rlmSetAccessoryySo11RLMPropertyCFZ
1105,init(from:),Method,Classes/List.html#/s:Se4fromxs7Decoder_p_tKcfc
1106,projectTo,Property,Classes/List.html#/s:10RealmSwift4ListCAASo13RLMObjectBaseCRbzrlE9projectToAA23CollectionElementMapperVyxGvp
1107,List,Class,Classes/List.html
1108,MutableSet,Class,Classes/MutableSet.html
1109,Map,Class,Classes/Map.html
1110,Decimal128,Class,Classes/Decimal128.html
1111,ObjectId,Class,Classes/ObjectId.html
1112,RealmOptional,Class,Classes/RealmOptional.html
1113,RealmProperty,Class,Classes/RealmProperty.html
1114,Projection,Class,Classes/Projection.html
1115,ThreadSafe,Class,Classes.html#/s:10RealmSwift10ThreadSafeC
1116,Classes,Section,Classes.html
1117,Enumerations,Section,Enums.html
1118,Extensions,Section,Extensions.html
1119,Functions,Section,Functions.html
1120,Protocols,Section,Protocols.html
1121,Structures,Section,Structs.html
1122,"Type Aliases",Section,Typealiases.html
